{
  "arch": "resnet18",
  "activation": "tgelu3",
  "seed": 59,
  "epochs_ran": 30,
  "best_epoch": 23,
  "early_stop_patience_used": 7,
  "duration_sec": 577.6235165596008,
  "mean_epoch_sec": 19.253130777863166,
  "trainable_params": 11177025,
  "lock_epoch": 2,
  "best_val_loss": 0.16042506598133505,
  "best_val_acc": 0.9347764169752207,
  "best_val_f1": 0.9361227336122733,
  "best_val_auroc": 0.0,
  "best_val_precision": 0.9144414168937329,
  "best_val_recall": 0.9588571428571429,
  "best_train_acc": 0.9585036919509368,
  "final_val_loss": 0.19104211849917274,
  "final_val_acc": 0.9333523212759898,
  "final_val_f1": 0.9324090121317157,
  "final_val_auroc": 0.0,
  "final_val_precision": 0.9427570093457944,
  "final_val_recall": 0.9222857142857143,
  "final_train_acc": 0.9724171599438579,
  "test_loss": 0.1720972710155409,
  "test_acc": 0.928246013667426,
  "test_f1": 0.9292134831460673,
  "test_auroc": 0.0,
  "test_precision": 0.9143173023770038,
  "test_recall": 0.9446030839520274,
  "test_cat_acc": 0.9119818285065304,
  "test_dog_acc": 0.9446030839520274,
  "gap_train_val_acc_best": 0.02372727497571603,
  "gap_train_val_acc_final": 0.03906483866786814,
  "forward_ms_batch1": 2.6787410024553537,
  "cuda_peak_mem_mb": 1328.832
}