{
  "arch": "resnet18",
  "activation": "mish",
  "seed": 71,
  "epochs_ran": 29,
  "best_epoch": 22,
  "early_stop_patience_used": 7,
  "duration_sec": 565.2960529327393,
  "mean_epoch_sec": 19.491905511814522,
  "trainable_params": 11177025,
  "lock_epoch": 2,
  "best_val_loss": 0.16031441753939732,
  "best_val_acc": 0.9381942466533751,
  "best_val_f1": 0.938159019663722,
  "best_val_auroc": 0.0,
  "best_val_precision": 0.9357589539511085,
  "best_val_recall": 0.9405714285714286,
  "best_train_acc": 0.9556965887593825,
  "final_val_loss": 0.2398421126565034,
  "final_val_acc": 0.9242381088009114,
  "final_val_f1": 0.9207389749702026,
  "final_val_auroc": 0.0,
  "final_val_precision": 0.9620174346201743,
  "final_val_recall": 0.8828571428571429,
  "final_train_acc": 0.9684506010862269,
  "test_loss": 0.17990631056877365,
  "test_acc": 0.931378132118451,
  "test_f1": 0.93052752954742,
  "test_auroc": 0.0,
  "test_precision": 0.9394644935972061,
  "test_recall": 0.92175899486008,
  "test_cat_acc": 0.9409426462237365,
  "test_dog_acc": 0.92175899486008,
  "gap_train_val_acc_best": 0.017502342106007318,
  "gap_train_val_acc_final": 0.04421249228531554,
  "forward_ms_batch1": 0.6457187002524734,
  "cuda_peak_mem_mb": 1328.832
}