{
  "arch": "resnet18",
  "activation": "tgelu3",
  "seed": 83,
  "epochs_ran": 23,
  "best_epoch": 16,
  "early_stop_patience_used": 7,
  "duration_sec": 450.1210675239563,
  "mean_epoch_sec": 19.569044931265324,
  "trainable_params": 11177025,
  "lock_epoch": 3,
  "best_val_loss": 0.16052067880573112,
  "best_val_acc": 0.9396183423526061,
  "best_val_f1": 0.940214326001128,
  "best_val_auroc": 0.0,
  "best_val_precision": 0.928173719376392,
  "best_val_recall": 0.9525714285714286,
  "best_train_acc": 0.9369622261548789,
  "final_val_loss": 0.19989506278544605,
  "final_val_acc": 0.9313585872970663,
  "final_val_f1": 0.9332224993072873,
  "final_val_auroc": 0.0,
  "final_val_precision": 0.9058633674018289,
  "final_val_recall": 0.9622857142857143,
  "final_train_acc": 0.9558796607066578,
  "test_loss": 0.18849734133767104,
  "test_acc": 0.9239749430523918,
  "test_f1": 0.9239099458535196,
  "test_auroc": 0.0,
  "test_precision": 0.9220705346985211,
  "test_recall": 0.9257567104511708,
  "test_cat_acc": 0.9222032935831914,
  "test_dog_acc": 0.9257567104511708,
  "gap_train_val_acc_best": -0.0026561161977272096,
  "gap_train_val_acc_final": 0.02452107340959142,
  "forward_ms_batch1": 2.9665219830349088,
  "cuda_peak_mem_mb": 1328.832
}