{
  "arch": "resnet18",
  "activation": "swish",
  "seed": 37,
  "epochs_ran": 32,
  "best_epoch": 25,
  "early_stop_patience_used": 7,
  "duration_sec": 740.5839865207672,
  "mean_epoch_sec": 23.142161819749163,
  "trainable_params": 11177025,
  "lock_epoch": 3,
  "best_val_loss": 0.1536015556179299,
  "best_val_acc": 0.9393335232127599,
  "best_val_f1": 0.9392296718972897,
  "best_val_auroc": 0.0,
  "best_val_precision": 0.9378917378917379,
  "best_val_recall": 0.9405714285714286,
  "best_train_acc": 0.9630194666503936,
  "final_val_loss": 0.20231535448261695,
  "final_val_acc": 0.9330675021361435,
  "final_val_f1": 0.930780559646539,
  "final_val_auroc": 0.0,
  "final_val_precision": 0.9604863221884499,
  "final_val_recall": 0.9028571428571428,
  "final_train_acc": 0.9762006468542137,
  "test_loss": 0.20795199739193046,
  "test_acc": 0.9256833712984055,
  "test_f1": 0.9248055315471045,
  "test_auroc": 0.0,
  "test_precision": 0.9331395348837209,
  "test_recall": 0.9166190748143918,
  "test_cat_acc": 0.9346961953435547,
  "test_dog_acc": 0.9166190748143918,
  "gap_train_val_acc_best": 0.02368594343763375,
  "gap_train_val_acc_final": 0.04313314471807017,
  "forward_ms_batch1": 0.7691326085478067,
  "cuda_peak_mem_mb": 1328.832
}