{
  "arch": "resnet18",
  "activation": "hybrid_0.25",
  "seed": 97,
  "epochs_ran": 28,
  "best_epoch": 21,
  "early_stop_patience_used": 7,
  "duration_sec": 560.411924123764,
  "mean_epoch_sec": 20.01341240840598,
  "trainable_params": 11177025,
  "lock_epoch": 2,
  "best_val_loss": 0.16212548999043144,
  "best_val_acc": 0.9330675021361435,
  "best_val_f1": 0.9325294286534597,
  "best_val_auroc": 0.0,
  "best_val_precision": 0.9371032890940566,
  "best_val_recall": 0.928,
  "best_train_acc": 0.9496552144992982,
  "final_val_loss": 0.21385635097396521,
  "final_val_acc": 0.9268014810595272,
  "final_val_f1": 0.9298772169167803,
  "final_val_auroc": 0.0,
  "final_val_precision": 0.8898172323759791,
  "final_val_recall": 0.9737142857142858,
  "final_train_acc": 0.9660096417892232,
  "test_loss": 0.17806328256065046,
  "test_acc": 0.9316628701594533,
  "test_f1": 0.9303944315545244,
  "test_auroc": 0.0,
  "test_precision": 0.9451974071891573,
  "test_recall": 0.9160479725870931,
  "test_cat_acc": 0.9471890971039182,
  "test_dog_acc": 0.9160479725870931,
  "gap_train_val_acc_best": 0.016587712363154705,
  "gap_train_val_acc_final": 0.03920816072969602,
  "forward_ms_batch1": 2.384448517113924,
  "cuda_peak_mem_mb": 1328.832
}