{
  "arch": "resnet18",
  "activation": "hybrid_0.5",
  "seed": 37,
  "epochs_ran": 32,
  "best_epoch": 25,
  "early_stop_patience_used": 7,
  "duration_sec": 706.5163106918335,
  "mean_epoch_sec": 22.077647132769926,
  "trainable_params": 11177025,
  "lock_epoch": 2,
  "best_val_loss": 0.14094395076097907,
  "best_val_acc": 0.942466533751068,
  "best_val_f1": 0.941987363584147,
  "best_val_auroc": 0.0,
  "best_val_precision": 0.9468822170900693,
  "best_val_recall": 0.9371428571428572,
  "best_train_acc": 0.9474583511319948,
  "final_val_loss": 0.319687778850881,
  "final_val_acc": 0.9008829393335233,
  "final_val_f1": 0.9071009076348105,
  "final_val_auroc": 0.0,
  "final_val_precision": 0.8512024048096193,
  "final_val_recall": 0.9708571428571429,
  "final_train_acc": 0.9715628241899066,
  "test_loss": 0.1747594437729525,
  "test_acc": 0.9299544419134397,
  "test_f1": 0.929147465437788,
  "test_auroc": 0.0,
  "test_precision": 0.937245787332946,
  "test_recall": 0.9211878926327812,
  "test_cat_acc": 0.938671209540034,
  "test_dog_acc": 0.9211878926327812,
  "gap_train_val_acc_best": 0.0049918173809268,
  "gap_train_val_acc_final": 0.07067988485638332,
  "forward_ms_batch1": 7.92393300216645,
  "cuda_peak_mem_mb": 1328.832
}