{
  "arch": "resnet18",
  "activation": "prelu",
  "seed": 59,
  "epochs_ran": 27,
  "best_epoch": 20,
  "early_stop_patience_used": 7,
  "duration_sec": 507.505028963089,
  "mean_epoch_sec": 18.795476896774577,
  "trainable_params": 11177034,
  "lock_epoch": 3,
  "best_val_loss": 0.18437789363998255,
  "best_val_acc": 0.9233836513813728,
  "best_val_f1": 0.9232086782757636,
  "best_val_auroc": 0.0,
  "best_val_precision": 0.9224187107815174,
  "best_val_recall": 0.924,
  "best_train_acc": 0.9483126868859462,
  "final_val_loss": 0.2493834458365803,
  "final_val_acc": 0.923668470521219,
  "final_val_f1": 0.9224537037037037,
  "final_val_auroc": 0.0,
  "final_val_precision": 0.9343493552168816,
  "final_val_recall": 0.9108571428571428,
  "final_train_acc": 0.9713797522426314,
  "test_loss": 0.19780123434061342,
  "test_acc": 0.9197038724373576,
  "test_f1": 0.9182134570765662,
  "test_auroc": 0.0,
  "test_precision": 0.9328226281673542,
  "test_recall": 0.9040548258138207,
  "test_cat_acc": 0.9352640545144804,
  "test_dog_acc": 0.9040548258138207,
  "gap_train_val_acc_best": 0.02492903550457337,
  "gap_train_val_acc_final": 0.04771128172141237,
  "forward_ms_batch1": 1.2053583981469274,
  "cuda_peak_mem_mb": 1328.832
}