{
  "arch": "resnet18",
  "activation": "hybrid_0.5",
  "seed": 59,
  "epochs_ran": 31,
  "best_epoch": 24,
  "early_stop_patience_used": 7,
  "duration_sec": 610.5050547122955,
  "mean_epoch_sec": 19.692674709634193,
  "trainable_params": 11177025,
  "lock_epoch": 5,
  "best_val_loss": 0.15961452899275258,
  "best_val_acc": 0.9421817146112219,
  "best_val_f1": 0.9422475106685634,
  "best_val_auroc": 0.0,
  "best_val_precision": 0.9382436260623229,
  "best_val_recall": 0.9462857142857143,
  "best_train_acc": 0.9566119484957588,
  "final_val_loss": 0.17715722360661212,
  "final_val_acc": 0.9453147251495301,
  "final_val_f1": 0.9453924914675768,
  "final_val_auroc": 0.0,
  "final_val_precision": 0.9411098527746319,
  "final_val_recall": 0.9497142857142857,
  "final_train_acc": 0.9695490327698786,
  "test_loss": 0.1809069466923527,
  "test_acc": 0.9339407744874715,
  "test_f1": 0.9328314997104806,
  "test_auroc": 0.0,
  "test_precision": 0.9459776864357017,
  "test_recall": 0.9200456881781839,
  "test_cat_acc": 0.9477569562748438,
  "test_dog_acc": 0.9200456881781839,
  "gap_train_val_acc_best": 0.014430233884536903,
  "gap_train_val_acc_final": 0.024234307620348505,
  "forward_ms_batch1": 3.146955999545753,
  "cuda_peak_mem_mb": 1328.832
}