{
  "arch": "resnet18",
  "activation": "hybrid_0.5",
  "seed": 127,
  "epochs_ran": 32,
  "best_epoch": 25,
  "early_stop_patience_used": 7,
  "duration_sec": 692.185920715332,
  "mean_epoch_sec": 21.629637666432245,
  "trainable_params": 11177025,
  "lock_epoch": 2,
  "best_val_loss": 0.16128863999049775,
  "best_val_acc": 0.9370549700939903,
  "best_val_f1": 0.9365124964090779,
  "best_val_auroc": 0.0,
  "best_val_precision": 0.9416522241478914,
  "best_val_recall": 0.9314285714285714,
  "best_train_acc": 0.964606090193446,
  "final_val_loss": 0.18441446650506968,
  "final_val_acc": 0.9453147251495301,
  "final_val_f1": 0.9447322970639032,
  "final_val_auroc": 0.0,
  "final_val_precision": 0.9518561484918794,
  "final_val_recall": 0.9377142857142857,
  "final_train_acc": 0.9768719106608897,
  "test_loss": 0.1902890519359932,
  "test_acc": 0.9296697038724373,
  "test_f1": 0.9283434870902235,
  "test_auroc": 0.0,
  "test_precision": 0.9433962264150944,
  "test_recall": 0.9137635636778983,
  "test_cat_acc": 0.9454855195911414,
  "test_dog_acc": 0.9137635636778983,
  "gap_train_val_acc_best": 0.027551120099455706,
  "gap_train_val_acc_final": 0.031557185511359664,
  "forward_ms_batch1": 4.0162731893360615,
  "cuda_peak_mem_mb": 1328.832
}