{
  "arch": "resnet18",
  "activation": "swish",
  "seed": 59,
  "epochs_ran": 28,
  "best_epoch": 21,
  "early_stop_patience_used": 7,
  "duration_sec": 545.4329342842102,
  "mean_epoch_sec": 19.478372779550096,
  "trainable_params": 11177025,
  "lock_epoch": 2,
  "best_val_loss": 0.15580811385278584,
  "best_val_acc": 0.9433209911706066,
  "best_val_f1": 0.9433532593225163,
  "best_val_auroc": 0.0,
  "best_val_precision": 0.9398752127056155,
  "best_val_recall": 0.9468571428571428,
  "best_train_acc": 0.9513638860072008,
  "final_val_loss": 0.19229984401434244,
  "final_val_acc": 0.9362005126744517,
  "final_val_f1": 0.9363636363636363,
  "final_val_auroc": 0.0,
  "final_val_precision": 0.9310734463276836,
  "final_val_recall": 0.9417142857142857,
  "final_train_acc": 0.9682065051565265,
  "test_loss": 0.1715458898989649,
  "test_acc": 0.9322323462414579,
  "test_f1": 0.9316484778862724,
  "test_auroc": 0.0,
  "test_precision": 0.9370306181398036,
  "test_recall": 0.9263278126784694,
  "test_cat_acc": 0.9381033503691084,
  "test_dog_acc": 0.9263278126784694,
  "gap_train_val_acc_best": 0.00804289483659415,
  "gap_train_val_acc_final": 0.03200599248207481,
  "forward_ms_batch1": 0.8827525889500976,
  "cuda_peak_mem_mb": 1328.832
}