{
  "arch": "resnet18",
  "activation": "relu",
  "seed": 137,
  "epochs_ran": 33,
  "best_epoch": 26,
  "early_stop_patience_used": 7,
  "duration_sec": 641.8664617538452,
  "mean_epoch_sec": 19.44951074216938,
  "trainable_params": 11177025,
  "lock_epoch": 1,
  "best_val_loss": 0.16738509213617134,
  "best_val_acc": 0.9344915978353745,
  "best_val_f1": 0.9356103023516238,
  "best_val_auroc": 0.0,
  "best_val_precision": 0.9171240395170143,
  "best_val_recall": 0.9548571428571428,
  "best_train_acc": 0.9638127784219198,
  "final_val_loss": 0.18943477007877416,
  "final_val_acc": 0.9379094275135289,
  "final_val_f1": 0.9381033503691084,
  "final_val_auroc": 0.0,
  "final_val_precision": 0.9322799097065463,
  "final_val_recall": 0.944,
  "final_train_acc": 0.9760785988893635,
  "test_loss": 0.19885195391188992,
  "test_acc": 0.9251138952164009,
  "test_f1": 0.9262272089761571,
  "test_auroc": 0.0,
  "test_precision": 0.9101433296582139,
  "test_recall": 0.9428897772701313,
  "test_cat_acc": 0.9074389551391255,
  "test_dog_acc": 0.9428897772701313,
  "gap_train_val_acc_best": 0.029321180586545315,
  "gap_train_val_acc_final": 0.03816917137583464,
  "forward_ms_batch1": 0.6405499996617436,
  "cuda_peak_mem_mb": 1328.832
}