{
  "arch": "resnet18",
  "activation": "hybrid_0.25",
  "seed": 11,
  "epochs_ran": 28,
  "best_epoch": 21,
  "early_stop_patience_used": 7,
  "duration_sec": 917.1319577693939,
  "mean_epoch_sec": 32.753291660221294,
  "trainable_params": 11177025,
  "lock_epoch": 3,
  "best_val_loss": 0.15623323872316192,
  "best_val_acc": 0.9347764169752207,
  "best_val_f1": 0.934850640113798,
  "best_val_auroc": 0.0,
  "best_val_precision": 0.9308781869688385,
  "best_val_recall": 0.9388571428571428,
  "best_train_acc": 0.9405016171355343,
  "final_val_loss": 0.16096728012216155,
  "final_val_acc": 0.9407576189119908,
  "final_val_f1": 0.9408081957882756,
  "final_val_auroc": 0.0,
  "final_val_precision": 0.9370748299319728,
  "final_val_recall": 0.9445714285714286,
  "final_train_acc": 0.9594800756697383,
  "test_loss": 0.1842829982892256,
  "test_acc": 0.92625284738041,
  "test_f1": 0.9256814921090387,
  "test_auroc": 0.0,
  "test_precision": 0.9302191464821222,
  "test_recall": 0.9211878926327812,
  "test_cat_acc": 0.9312890403180011,
  "test_dog_acc": 0.9211878926327812,
  "gap_train_val_acc_best": 0.005725200160313526,
  "gap_train_val_acc_final": 0.01872245675774742,
  "forward_ms_batch1": 2.2603704826906323,
  "cuda_peak_mem_mb": 1324.768768
}