{
  "arch": "resnet18",
  "activation": "hybrid_0.25",
  "seed": 137,
  "epochs_ran": 36,
  "best_epoch": 29,
  "early_stop_patience_used": 7,
  "duration_sec": 818.3895788192749,
  "mean_epoch_sec": 22.73201107259633,
  "trainable_params": 11177025,
  "lock_epoch": 3,
  "best_val_loss": 0.1535496854036834,
  "best_val_acc": 0.942466533751068,
  "best_val_f1": 0.9432265317594154,
  "best_val_auroc": 0.0,
  "best_val_precision": 0.9280973451327433,
  "best_val_recall": 0.9588571428571429,
  "best_train_acc": 0.9622261548788674,
  "final_val_loss": 0.20332981593009244,
  "final_val_acc": 0.9273711193392196,
  "final_val_f1": 0.9251540945113002,
  "final_val_auroc": 0.0,
  "final_val_precision": 0.9511164755582378,
  "final_val_recall": 0.9005714285714286,
  "final_train_acc": 0.975712454994813,
  "test_loss": 0.1590014318500673,
  "test_acc": 0.9390660592255126,
  "test_f1": 0.9395138496325608,
  "test_auroc": 0.0,
  "test_precision": 0.9300503637381086,
  "test_recall": 0.9491719017704169,
  "test_cat_acc": 0.9290176036342986,
  "test_dog_acc": 0.9491719017704169,
  "gap_train_val_acc_best": 0.019759621127799387,
  "gap_train_val_acc_final": 0.0483413356555934,
  "forward_ms_batch1": 3.071950189769268,
  "cuda_peak_mem_mb": 1328.832
}