{
  "arch": "resnet18",
  "activation": "mish",
  "seed": 127,
  "epochs_ran": 25,
  "best_epoch": 18,
  "early_stop_patience_used": 7,
  "duration_sec": 496.7548794746399,
  "mean_epoch_sec": 19.86885262469761,
  "trainable_params": 11177025,
  "lock_epoch": 3,
  "best_val_loss": 0.1671873297711038,
  "best_val_acc": 0.9310737681572202,
  "best_val_f1": 0.9291569086651053,
  "best_val_auroc": 0.0,
  "best_val_precision": 0.9525810324129652,
  "best_val_recall": 0.9068571428571428,
  "best_train_acc": 0.9427595044852627,
  "final_val_loss": 0.18350952048394728,
  "final_val_acc": 0.9336371404158359,
  "final_val_f1": 0.933637140415836,
  "final_val_auroc": 0.0,
  "final_val_precision": 0.9307211811470755,
  "final_val_recall": 0.9365714285714286,
  "final_train_acc": 0.9627143467382682,
  "test_loss": 0.20785306361853942,
  "test_acc": 0.9171412300683371,
  "test_f1": 0.9132637853949329,
  "test_auroc": 0.0,
  "test_precision": 0.9551122194513716,
  "test_recall": 0.8749286122215877,
  "test_cat_acc": 0.959114139693356,
  "test_dog_acc": 0.8749286122215877,
  "gap_train_val_acc_best": 0.011685736328042484,
  "gap_train_val_acc_final": 0.02907720632243227,
  "forward_ms_batch1": 0.6775012006983161,
  "cuda_peak_mem_mb": 1328.832
}