{
  "arch": "resnet18",
  "activation": "tgelu3",
  "seed": 23,
  "epochs_ran": 24,
  "best_epoch": 17,
  "early_stop_patience_used": 7,
  "duration_sec": 748.7732899188995,
  "mean_epoch_sec": 31.197794452998398,
  "trainable_params": 11177025,
  "lock_epoch": 2,
  "best_val_loss": 0.16287424422352784,
  "best_val_acc": 0.9364853318142979,
  "best_val_f1": 0.9360114777618365,
  "best_val_auroc": 0.0,
  "best_val_precision": 0.940057636887608,
  "best_val_recall": 0.932,
  "best_train_acc": 0.9361689143833527,
  "final_val_loss": 0.22748046675423753,
  "final_val_acc": 0.9188265451438337,
  "final_val_f1": 0.9151533194403096,
  "final_val_auroc": 0.0,
  "final_val_precision": 0.9552517091361094,
  "final_val_recall": 0.8782857142857143,
  "final_train_acc": 0.9610666992127906,
  "test_loss": 0.1819517405572133,
  "test_acc": 0.9308086560364465,
  "test_f1": 0.9295447955929255,
  "test_auroc": 0.0,
  "test_precision": 0.9440518256772674,
  "test_recall": 0.9154768703597944,
  "test_cat_acc": 0.946053378762067,
  "test_dog_acc": 0.9154768703597944,
  "gap_train_val_acc_best": -0.0003164174309452372,
  "gap_train_val_acc_final": 0.04224015406895698,
  "forward_ms_batch1": 2.184220403432846,
  "cuda_peak_mem_mb": 1328.832
}