{
  "arch": "resnet18",
  "activation": "mish",
  "seed": 37,
  "epochs_ran": 28,
  "best_epoch": 21,
  "early_stop_patience_used": 7,
  "duration_sec": 602.5386869907379,
  "mean_epoch_sec": 21.51802847215939,
  "trainable_params": 11177025,
  "lock_epoch": 2,
  "best_val_loss": 0.16178320330861828,
  "best_val_acc": 0.9322130447166049,
  "best_val_f1": 0.9314516129032259,
  "best_val_auroc": 0.0,
  "best_val_precision": 0.9390243902439024,
  "best_val_recall": 0.924,
  "best_train_acc": 0.9506315982180997,
  "final_val_loss": 0.18791953690521943,
  "final_val_acc": 0.9310737681572202,
  "final_val_f1": 0.9320224719101123,
  "final_val_auroc": 0.0,
  "final_val_precision": 0.9165745856353591,
  "final_val_recall": 0.948,
  "final_train_acc": 0.9636907304570697,
  "test_loss": 0.18418673356328846,
  "test_acc": 0.9251138952164009,
  "test_f1": 0.9233906204485872,
  "test_auroc": 0.0,
  "test_precision": 0.9423305588585018,
  "test_recall": 0.905197030268418,
  "test_cat_acc": 0.9449176604202157,
  "test_dog_acc": 0.905197030268418,
  "gap_train_val_acc_best": 0.018418553501494794,
  "gap_train_val_acc_final": 0.03261696229984945,
  "forward_ms_batch1": 0.804186100140214,
  "cuda_peak_mem_mb": 1328.832
}