{
  "arch": "resnet18",
  "activation": "relu",
  "seed": 71,
  "epochs_ran": 21,
  "best_epoch": 14,
  "early_stop_patience_used": 7,
  "duration_sec": 403.28329849243164,
  "mean_epoch_sec": 19.202599976056565,
  "trainable_params": 11177025,
  "lock_epoch": 2,
  "best_val_loss": 0.17475872920792654,
  "best_val_acc": 0.9276559384790658,
  "best_val_f1": 0.9273870783304745,
  "best_val_auroc": 0.0,
  "best_val_precision": 0.9279176201372997,
  "best_val_recall": 0.9268571428571428,
  "best_train_acc": 0.9268932690547386,
  "final_val_loss": 0.2659673738839517,
  "final_val_acc": 0.9085730561093706,
  "final_val_f1": 0.902283105022831,
  "final_val_auroc": 0.0,
  "final_val_precision": 0.965472312703583,
  "final_val_recall": 0.8468571428571429,
  "final_train_acc": 0.9517300299017514,
  "test_loss": 0.19488649576019862,
  "test_acc": 0.9154328018223234,
  "test_f1": 0.9142857142857144,
  "test_auroc": 0.0,
  "test_precision": 0.9241540256709452,
  "test_recall": 0.9046259280411194,
  "test_cat_acc": 0.9261783077796707,
  "test_dog_acc": 0.9046259280411194,
  "gap_train_val_acc_best": -0.0007626694243272336,
  "gap_train_val_acc_final": 0.043156973792380815,
  "forward_ms_batch1": 0.8691231021657586,
  "cuda_peak_mem_mb": 1328.832
}