{
  "arch": "resnet18",
  "activation": "hybrid_0.25",
  "seed": 59,
  "epochs_ran": 35,
  "best_epoch": 28,
  "early_stop_patience_used": 7,
  "duration_sec": 670.1824185848236,
  "mean_epoch_sec": 19.1467393314865,
  "trainable_params": 11177025,
  "lock_epoch": 5,
  "best_val_loss": 0.156542391438017,
  "best_val_acc": 0.9418968954713757,
  "best_val_f1": 0.9419464997154241,
  "best_val_auroc": 0.0,
  "best_val_precision": 0.9382086167800453,
  "best_val_recall": 0.9457142857142857,
  "best_train_acc": 0.9684506010862269,
  "final_val_loss": 0.19813108798307433,
  "final_val_acc": 0.9282255767587582,
  "final_val_f1": 0.9297658862876255,
  "final_val_auroc": 0.0,
  "final_val_precision": 0.9075081610446137,
  "final_val_recall": 0.9531428571428572,
  "final_train_acc": 0.9752242631354122,
  "test_loss": 0.17869505630742444,
  "test_acc": 0.9367881548974943,
  "test_f1": 0.9363166953528398,
  "test_auroc": 0.0,
  "test_precision": 0.9406340057636887,
  "test_recall": 0.9320388349514563,
  "test_cat_acc": 0.9415105053946621,
  "test_dog_acc": 0.9320388349514563,
  "gap_train_val_acc_best": 0.026553705614851264,
  "gap_train_val_acc_final": 0.04699868637665405,
  "forward_ms_batch1": 3.5349045181646943,
  "cuda_peak_mem_mb": 1328.832
}