{
  "arch": "resnet18",
  "activation": "relu",
  "seed": 23,
  "epochs_ran": 27,
  "best_epoch": 20,
  "early_stop_patience_used": 7,
  "duration_sec": 846.9680876731873,
  "mean_epoch_sec": 31.36803727437466,
  "trainable_params": 11177025,
  "lock_epoch": 4,
  "best_val_loss": 0.16954643164510164,
  "best_val_acc": 0.9310737681572202,
  "best_val_f1": 0.9312499999999999,
  "best_val_auroc": 0.0,
  "best_val_precision": 0.9259887005649717,
  "best_val_recall": 0.9365714285714286,
  "best_train_acc": 0.9435528162567889,
  "final_val_loss": 0.19381895295933962,
  "final_val_acc": 0.9353460552549131,
  "final_val_f1": 0.9344498989315623,
  "final_val_auroc": 0.0,
  "final_val_precision": 0.9445417396380619,
  "final_val_recall": 0.9245714285714286,
  "final_train_acc": 0.9630194666503936,
  "test_loss": 0.1997954623777937,
  "test_acc": 0.9234054669703873,
  "test_f1": 0.9227677289692794,
  "test_auroc": 0.0,
  "test_precision": 0.9278290993071594,
  "test_recall": 0.9177612792689891,
  "test_cat_acc": 0.9290176036342986,
  "test_dog_acc": 0.9177612792689891,
  "gap_train_val_acc_best": 0.01247904809956868,
  "gap_train_val_acc_final": 0.02767341139548052,
  "forward_ms_batch1": 1.0918068932369351,
  "cuda_peak_mem_mb": 1328.832
}