{
  "arch": "resnet18",
  "activation": "swish",
  "seed": 83,
  "epochs_ran": 29,
  "best_epoch": 22,
  "early_stop_patience_used": 7,
  "duration_sec": 560.2397222518921,
  "mean_epoch_sec": 19.317409390238403,
  "trainable_params": 11177025,
  "lock_epoch": 3,
  "best_val_loss": 0.16405362800098966,
  "best_val_acc": 0.9362005126744517,
  "best_val_f1": 0.9362186788154897,
  "best_val_auroc": 0.0,
  "best_val_precision": 0.9330306469920545,
  "best_val_recall": 0.9394285714285714,
  "best_train_acc": 0.9539879172514798,
  "final_val_loss": 0.22328956530868957,
  "final_val_acc": 0.9296496724579891,
  "final_val_f1": 0.9268581581285164,
  "final_val_auroc": 0.0,
  "final_val_precision": 0.9618930547019053,
  "final_val_recall": 0.8942857142857142,
  "final_train_acc": 0.9707084884359554,
  "test_loss": 0.19645353565353196,
  "test_acc": 0.9288154897494305,
  "test_f1": 0.9282845668387838,
  "test_auroc": 0.0,
  "test_precision": 0.9325648414985591,
  "test_recall": 0.9240434037692747,
  "test_cat_acc": 0.9335604770017035,
  "test_dog_acc": 0.9240434037692747,
  "gap_train_val_acc_best": 0.0177874045770281,
  "gap_train_val_acc_final": 0.041058815977966234,
  "forward_ms_batch1": 0.6285575916990638,
  "cuda_peak_mem_mb": 1328.832
}