{
  "arch": "resnet18",
  "activation": "hybrid_0.5",
  "seed": 11,
  "epochs_ran": 26,
  "best_epoch": 19,
  "early_stop_patience_used": 7,
  "duration_sec": 953.5103182792664,
  "mean_epoch_sec": 36.6723386078464,
  "trainable_params": 11177025,
  "lock_epoch": 3,
  "best_val_loss": 0.1716782383618617,
  "best_val_acc": 0.9310737681572202,
  "best_val_f1": 0.9297736506094022,
  "best_val_auroc": 0.0,
  "best_val_precision": 0.9445754716981132,
  "best_val_recall": 0.9154285714285715,
  "best_train_acc": 0.9445902239580155,
  "final_val_loss": 0.1892016020719396,
  "final_val_acc": 0.9282255767587582,
  "final_val_f1": 0.9291736930860034,
  "final_val_auroc": 0.0,
  "final_val_precision": 0.9142699115044248,
  "final_val_recall": 0.9445714285714286,
  "final_train_acc": 0.9635076585097944,
  "test_loss": 0.19356124778543354,
  "test_acc": 0.9219817767653758,
  "test_f1": 0.9193168433451119,
  "test_auroc": 0.0,
  "test_precision": 0.948936170212766,
  "test_recall": 0.8914905768132496,
  "test_cat_acc": 0.9522998296422487,
  "test_dog_acc": 0.8914905768132496,
  "gap_train_val_acc_best": 0.013516455800795302,
  "gap_train_val_acc_final": 0.0352820817510362,
  "forward_ms_batch1": 2.1805294090881944,
  "cuda_peak_mem_mb": 1328.832
}