{
  "arch": "resnet18",
  "activation": "hybrid_0.5",
  "seed": 47,
  "epochs_ran": 27,
  "best_epoch": 20,
  "early_stop_patience_used": 7,
  "duration_sec": 563.6628465652466,
  "mean_epoch_sec": 20.875449740224415,
  "trainable_params": 11177025,
  "lock_epoch": 4,
  "best_val_loss": 0.16602294486969904,
  "best_val_acc": 0.9327826829962973,
  "best_val_f1": 0.9323006310958118,
  "best_val_auroc": 0.0,
  "best_val_precision": 0.9360599078341014,
  "best_val_recall": 0.9285714285714286,
  "best_train_acc": 0.9440410081161896,
  "final_val_loss": 0.19235467821321436,
  "final_val_acc": 0.9359156935346056,
  "final_val_f1": 0.9379994488839901,
  "final_val_auroc": 0.0,
  "final_val_precision": 0.9058009579563597,
  "final_val_recall": 0.9725714285714285,
  "final_train_acc": 0.9631415146152438,
  "test_loss": 0.17144960665689243,
  "test_acc": 0.9291002277904328,
  "test_f1": 0.9280554752961572,
  "test_auroc": 0.0,
  "test_precision": 0.9391812865497076,
  "test_recall": 0.9171901770416905,
  "test_cat_acc": 0.9409426462237365,
  "test_dog_acc": 0.9171901770416905,
  "gap_train_val_acc_best": 0.011258325119892332,
  "gap_train_val_acc_final": 0.0272258210806382,
  "forward_ms_batch1": 2.1918389946222305,
  "cuda_peak_mem_mb": 1328.832
}