{
  "arch": "resnet18",
  "activation": "hybrid_0.5",
  "seed": 23,
  "epochs_ran": 32,
  "best_epoch": 25,
  "early_stop_patience_used": 7,
  "duration_sec": 754.0051820278168,
  "mean_epoch_sec": 23.56162514253083,
  "trainable_params": 11177025,
  "lock_epoch": 3,
  "best_val_loss": 0.17061371612806872,
  "best_val_acc": 0.9290800341782968,
  "best_val_f1": 0.9298393913778528,
  "best_val_auroc": 0.0,
  "best_val_precision": 0.9171762090050027,
  "best_val_recall": 0.9428571428571428,
  "best_train_acc": 0.9608836272655153,
  "final_val_loss": 0.18888272852876933,
  "final_val_acc": 0.9319282255767588,
  "final_val_f1": 0.9311437626044367,
  "final_val_auroc": 0.0,
  "final_val_precision": 0.9389889599070308,
  "final_val_recall": 0.9234285714285714,
  "final_train_acc": 0.9755904070299628,
  "test_loss": 0.17369286303571796,
  "test_acc": 0.9328018223234624,
  "test_f1": 0.9320667818077144,
  "test_auroc": 0.0,
  "test_precision": 0.9396401625072548,
  "test_recall": 0.9246145059965734,
  "test_cat_acc": 0.9409426462237365,
  "test_dog_acc": 0.9246145059965734,
  "gap_train_val_acc_best": 0.031803593087218585,
  "gap_train_val_acc_final": 0.043662181453203996,
  "forward_ms_batch1": 3.828543797135353,
  "cuda_peak_mem_mb": 1328.832
}