{
  "arch": "resnet18",
  "activation": "prelu",
  "seed": 71,
  "epochs_ran": 21,
  "best_epoch": 14,
  "early_stop_patience_used": 7,
  "duration_sec": 395.77160024642944,
  "mean_epoch_sec": 18.845143974747597,
  "trainable_params": 11177034,
  "lock_epoch": 2,
  "best_val_loss": 0.18781895621893788,
  "best_val_acc": 0.9239532896610653,
  "best_val_f1": 0.9242553191489361,
  "best_val_auroc": 0.0,
  "best_val_precision": 0.9177464788732395,
  "best_val_recall": 0.9308571428571428,
  "best_train_acc": 0.9223164703728566,
  "final_val_loss": 0.34242896568873643,
  "final_val_acc": 0.8612930788949017,
  "final_val_f1": 0.8422416585681892,
  "final_val_auroc": 0.0,
  "final_val_precision": 0.9723261032161555,
  "final_val_recall": 0.7428571428571429,
  "final_train_acc": 0.9506926222005249,
  "test_loss": 0.20267362298617875,
  "test_acc": 0.9157175398633257,
  "test_f1": 0.9155251141552512,
  "test_auroc": 0.0,
  "test_precision": 0.91500285225328,
  "test_recall": 0.9160479725870931,
  "test_cat_acc": 0.9153889835320841,
  "test_dog_acc": 0.9160479725870931,
  "gap_train_val_acc_best": -0.0016368192882086907,
  "gap_train_val_acc_final": 0.08939954330562316,
  "forward_ms_batch1": 0.7821210194379091,
  "cuda_peak_mem_mb": 1328.832
}