{
  "arch": "resnet18",
  "activation": "prelu",
  "seed": 23,
  "epochs_ran": 24,
  "best_epoch": 17,
  "early_stop_patience_used": 7,
  "duration_sec": 573.6389496326447,
  "mean_epoch_sec": 23.900456384008674,
  "trainable_params": 11177034,
  "lock_epoch": 3,
  "best_val_loss": 0.17906143105257546,
  "best_val_acc": 0.9285103958986044,
  "best_val_f1": 0.9288750354207991,
  "best_val_auroc": 0.0,
  "best_val_precision": 0.9213041034288927,
  "best_val_recall": 0.9365714285714286,
  "best_train_acc": 0.9315310917190456,
  "final_val_loss": 0.22200091939066183,
  "final_val_acc": 0.9168328111649103,
  "final_val_f1": 0.9137115839243499,
  "final_val_auroc": 0.0,
  "final_val_precision": 0.9461444308445532,
  "final_val_recall": 0.8834285714285715,
  "final_train_acc": 0.961310795142491,
  "test_loss": 0.19482948147354473,
  "test_acc": 0.9216970387243736,
  "test_f1": 0.9216300940438873,
  "test_auroc": 0.0,
  "test_precision": 0.9197952218430034,
  "test_recall": 0.923472301541976,
  "test_cat_acc": 0.919931856899489,
  "test_dog_acc": 0.923472301541976,
  "gap_train_val_acc_best": 0.003020695820441177,
  "gap_train_val_acc_final": 0.044477983977580626,
  "forward_ms_batch1": 0.7065925979986787,
  "cuda_peak_mem_mb": 1328.832
}