{
  "arch": "resnet18",
  "activation": "tgelu3",
  "seed": 127,
  "epochs_ran": 21,
  "best_epoch": 14,
  "early_stop_patience_used": 7,
  "duration_sec": 397.2397418022156,
  "mean_epoch_sec": 18.91491744995472,
  "trainable_params": 11177025,
  "lock_epoch": 3,
  "best_val_loss": 0.17077138027050529,
  "best_val_acc": 0.9305041298775277,
  "best_val_f1": 0.9319955406911928,
  "best_val_auroc": 0.0,
  "best_val_precision": 0.9096844396082698,
  "best_val_recall": 0.9554285714285714,
  "best_train_acc": 0.9301275401232685,
  "final_val_loss": 0.208352805621661,
  "final_val_acc": 0.9225291939618342,
  "final_val_f1": 0.925601750547046,
  "final_val_auroc": 0.0,
  "final_val_precision": 0.887722980062959,
  "final_val_recall": 0.9668571428571429,
  "final_train_acc": 0.9546591810581558,
  "test_loss": 0.19912499499959121,
  "test_acc": 0.9205580865603644,
  "test_f1": 0.9209855564995753,
  "test_auroc": 0.0,
  "test_precision": 0.9134831460674158,
  "test_recall": 0.9286122215876642,
  "test_cat_acc": 0.912549687677456,
  "test_dog_acc": 0.9286122215876642,
  "gap_train_val_acc_best": -0.0003765897542592489,
  "gap_train_val_acc_final": 0.032129987096321644,
  "forward_ms_batch1": 1.8047634046524763,
  "cuda_peak_mem_mb": 1328.832
}