{
  "arch": "resnet18",
  "activation": "swish",
  "seed": 71,
  "epochs_ran": 24,
  "best_epoch": 17,
  "early_stop_patience_used": 7,
  "duration_sec": 463.3441107273102,
  "mean_epoch_sec": 19.30468441856404,
  "trainable_params": 11177025,
  "lock_epoch": 4,
  "best_val_loss": 0.16398444271807452,
  "best_val_acc": 0.9330675021361435,
  "best_val_f1": 0.9326454571510462,
  "best_val_auroc": 0.0,
  "best_val_precision": 0.9355951696377228,
  "best_val_recall": 0.9297142857142857,
  "best_train_acc": 0.9329956672972478,
  "final_val_loss": 0.1783025184016525,
  "final_val_acc": 0.9273711193392196,
  "final_val_f1": 0.9251980052801408,
  "final_val_auroc": 0.0,
  "final_val_precision": 0.9505726341169379,
  "final_val_recall": 0.9011428571428571,
  "final_train_acc": 0.9620430829315921,
  "test_loss": 0.17228874798380434,
  "test_acc": 0.9288154897494305,
  "test_f1": 0.9274941995359628,
  "test_auroc": 0.0,
  "test_precision": 0.9422510312315852,
  "test_recall": 0.9131924614505996,
  "test_cat_acc": 0.9443498012492901,
  "test_dog_acc": 0.9131924614505996,
  "gap_train_val_acc_best": -7.183483889572351e-05,
  "gap_train_val_acc_final": 0.03467196359237257,
  "forward_ms_batch1": 0.7114539155736566,
  "cuda_peak_mem_mb": 1328.832
}