{
  "arch": "resnet18",
  "activation": "swish",
  "seed": 47,
  "epochs_ran": 28,
  "best_epoch": 21,
  "early_stop_patience_used": 7,
  "duration_sec": 599.6032500267029,
  "mean_epoch_sec": 21.41310789414482,
  "trainable_params": 11177025,
  "lock_epoch": 2,
  "best_val_loss": 0.15881263158899261,
  "best_val_acc": 0.9362005126744517,
  "best_val_f1": 0.9362912400455063,
  "best_val_auroc": 0.0,
  "best_val_precision": 0.9320498301245753,
  "best_val_recall": 0.9405714285714286,
  "best_train_acc": 0.9502654543235491,
  "final_val_loss": 0.17876121103848464,
  "final_val_acc": 0.9404727997721447,
  "final_val_f1": 0.9394378441031584,
  "final_val_auroc": 0.0,
  "final_val_precision": 0.9529688418577308,
  "final_val_recall": 0.9262857142857143,
  "final_train_acc": 0.963873802404345,
  "test_loss": 0.18500316105698128,
  "test_acc": 0.9279612756264237,
  "test_f1": 0.9271523178807947,
  "test_auroc": 0.0,
  "test_precision": 0.9349593495934959,
  "test_recall": 0.9194745859508852,
  "test_cat_acc": 0.9363997728563316,
  "test_dog_acc": 0.9194745859508852,
  "gap_train_val_acc_best": 0.01406494164909744,
  "gap_train_val_acc_final": 0.02340100263220024,
  "forward_ms_batch1": 0.7721392204985023,
  "cuda_peak_mem_mb": 1328.832
}