{
  "arch": "resnet18",
  "activation": "mish",
  "seed": 23,
  "epochs_ran": 29,
  "best_epoch": 22,
  "early_stop_patience_used": 7,
  "duration_sec": 699.1798357963562,
  "mean_epoch_sec": 24.108274323897884,
  "trainable_params": 11177025,
  "lock_epoch": 3,
  "best_val_loss": 0.16131404547508338,
  "best_val_acc": 0.9359156935346056,
  "best_val_f1": 0.9365303244005643,
  "best_val_auroc": 0.0,
  "best_val_precision": 0.924791086350975,
  "best_val_recall": 0.9485714285714286,
  "best_train_acc": 0.9517300299017514,
  "final_val_loss": 0.17643869947721666,
  "final_val_acc": 0.9353460552549131,
  "final_val_f1": 0.9341456338845373,
  "final_val_auroc": 0.0,
  "final_val_precision": 0.948733058338244,
  "final_val_recall": 0.92,
  "final_train_acc": 0.96393482638677,
  "test_loss": 0.17903113042710853,
  "test_acc": 0.9291002277904328,
  "test_f1": 0.9291204099060631,
  "test_auroc": 0.0,
  "test_precision": 0.9262202043132803,
  "test_recall": 0.9320388349514563,
  "test_cat_acc": 0.9261783077796707,
  "test_dog_acc": 0.9320388349514563,
  "gap_train_val_acc_best": 0.015814336367145798,
  "gap_train_val_acc_final": 0.02858877113185687,
  "forward_ms_batch1": 0.6403625942766666,
  "cuda_peak_mem_mb": 1328.832
}