{
  "arch": "resnet18",
  "activation": "mish",
  "seed": 11,
  "epochs_ran": 24,
  "best_epoch": 17,
  "early_stop_patience_used": 7,
  "duration_sec": 691.8660962581635,
  "mean_epoch_sec": 28.826649446583662,
  "trainable_params": 11177025,
  "lock_epoch": 2,
  "best_val_loss": 0.16819329577203967,
  "best_val_acc": 0.9367701509541441,
  "best_val_f1": 0.9362068965517242,
  "best_val_auroc": 0.0,
  "best_val_precision": 0.9416184971098266,
  "best_val_recall": 0.9308571428571428,
  "best_train_acc": 0.9410508329773601,
  "final_val_loss": 0.16830598563592478,
  "final_val_acc": 0.9370549700939903,
  "final_val_f1": 0.9366943569177887,
  "final_val_auroc": 0.0,
  "final_val_precision": 0.9391154508902929,
  "final_val_recall": 0.9342857142857143,
  "final_train_acc": 0.9571001403551596,
  "test_loss": 0.18274245455284052,
  "test_acc": 0.923120728929385,
  "test_f1": 0.9215572341661825,
  "test_auroc": 0.0,
  "test_precision": 0.937906564163217,
  "test_recall": 0.9057681324957167,
  "test_cat_acc": 0.9403747870528109,
  "test_dog_acc": 0.9057681324957167,
  "gap_train_val_acc_best": 0.004280682023216076,
  "gap_train_val_acc_final": 0.020045170261169254,
  "forward_ms_batch1": 0.6371728144586086,
  "cuda_peak_mem_mb": 1328.832
}