{
  "arch": "resnet18",
  "activation": "prelu",
  "seed": 137,
  "epochs_ran": 29,
  "best_epoch": 22,
  "early_stop_patience_used": 7,
  "duration_sec": 649.9433915615082,
  "mean_epoch_sec": 22.410771807832322,
  "trainable_params": 11177034,
  "lock_epoch": 2,
  "best_val_loss": 0.17733758076817452,
  "best_val_acc": 0.9319282255767588,
  "best_val_f1": 0.9328840213423196,
  "best_val_auroc": 0.0,
  "best_val_precision": 0.9171728326891221,
  "best_val_recall": 0.9491428571428572,
  "best_train_acc": 0.9558796607066578,
  "final_val_loss": 0.2169917846977609,
  "final_val_acc": 0.9305041298775277,
  "final_val_f1": 0.9303652968036529,
  "final_val_auroc": 0.0,
  "final_val_precision": 0.9293044469783353,
  "final_val_recall": 0.9314285714285714,
  "final_train_acc": 0.9694880087874534,
  "test_loss": 0.18865512876616525,
  "test_acc": 0.9279612756264237,
  "test_f1": 0.9281454132348765,
  "test_auroc": 0.0,
  "test_precision": 0.9231638418079096,
  "test_recall": 0.9331810394060537,
  "test_cat_acc": 0.922771152754117,
  "test_dog_acc": 0.9331810394060537,
  "gap_train_val_acc_best": 0.023951435129898946,
  "gap_train_val_acc_final": 0.03898387890992572,
  "forward_ms_batch1": 0.6338455015793443,
  "cuda_peak_mem_mb": 1328.832
}