{
  "arch": "resnet18",
  "activation": "mish",
  "seed": 137,
  "epochs_ran": 21,
  "best_epoch": 14,
  "early_stop_patience_used": 7,
  "duration_sec": 489.79687309265137,
  "mean_epoch_sec": 23.322440347623168,
  "trainable_params": 11177025,
  "lock_epoch": 2,
  "best_val_loss": 0.17245578736372397,
  "best_val_acc": 0.9330675021361435,
  "best_val_f1": 0.9330293530920489,
  "best_val_auroc": 0.0,
  "best_val_precision": 0.9306424104604889,
  "best_val_recall": 0.9354285714285714,
  "best_train_acc": 0.9229267101971075,
  "final_val_loss": 0.18933279999926775,
  "final_val_acc": 0.9253773853602962,
  "final_val_f1": 0.9273835920177383,
  "final_val_auroc": 0.0,
  "final_val_precision": 0.9004305705059203,
  "final_val_recall": 0.956,
  "final_train_acc": 0.9494111185695978,
  "test_loss": 0.19723825234758555,
  "test_acc": 0.9208428246013668,
  "test_f1": 0.9202066590126292,
  "test_auroc": 0.0,
  "test_precision": 0.9249855741488748,
  "test_recall": 0.9154768703597944,
  "test_cat_acc": 0.9261783077796707,
  "test_dog_acc": 0.9154768703597944,
  "gap_train_val_acc_best": -0.010140791939036053,
  "gap_train_val_acc_final": 0.024033733209301578,
  "forward_ms_batch1": 1.0152364848181605,
  "cuda_peak_mem_mb": 1328.832
}