{
  "arch": "resnet18",
  "activation": "hybrid_0.5",
  "seed": 71,
  "epochs_ran": 22,
  "best_epoch": 15,
  "early_stop_patience_used": 7,
  "duration_sec": 418.4899938106537,
  "mean_epoch_sec": 19.020790052261543,
  "trainable_params": 11177025,
  "lock_epoch": 3,
  "best_val_loss": 0.15974583159532685,
  "best_val_acc": 0.9387638849330675,
  "best_val_f1": 0.9391107335032568,
  "best_val_auroc": 0.0,
  "best_val_precision": 0.9309376754632229,
  "best_val_recall": 0.9474285714285714,
  "best_train_acc": 0.9325074754378471,
  "final_val_loss": 0.19434940898156988,
  "final_val_acc": 0.9299344915978354,
  "final_val_f1": 0.9284467713787086,
  "final_val_auroc": 0.0,
  "final_val_precision": 0.9454976303317536,
  "final_val_recall": 0.912,
  "final_train_acc": 0.9563068285836334,
  "test_loss": 0.17818050315616343,
  "test_acc": 0.9285307517084282,
  "test_f1": 0.9280183538858618,
  "test_auroc": 0.0,
  "test_precision": 0.9320276497695853,
  "test_recall": 0.9240434037692747,
  "test_cat_acc": 0.9329926178307779,
  "test_dog_acc": 0.9240434037692747,
  "gap_train_val_acc_best": -0.0062564094952204385,
  "gap_train_val_acc_final": 0.026372336985797995,
  "forward_ms_batch1": 2.184870815835893,
  "cuda_peak_mem_mb": 1328.832
}