{
  "arch": "resnet18",
  "activation": "hybrid_0.25",
  "seed": 71,
  "epochs_ran": 30,
  "best_epoch": 23,
  "early_stop_patience_used": 7,
  "duration_sec": 554.3328986167908,
  "mean_epoch_sec": 18.476650116460707,
  "trainable_params": 11177025,
  "lock_epoch": 2,
  "best_val_loss": 0.16062405274884378,
  "best_val_acc": 0.9401879806322985,
  "best_val_f1": 0.9384525205158265,
  "best_val_auroc": 0.0,
  "best_val_precision": 0.9632972322503008,
  "best_val_recall": 0.9148571428571428,
  "best_train_acc": 0.9566119484957588,
  "final_val_loss": 0.24011686862754333,
  "final_val_acc": 0.9102819709484478,
  "final_val_f1": 0.9035222052067382,
  "final_val_auroc": 0.0,
  "final_val_precision": 0.9735973597359736,
  "final_val_recall": 0.8428571428571429,
  "final_train_acc": 0.9688777689632025,
  "test_loss": 0.18885944388246753,
  "test_acc": 0.9268223234624146,
  "test_f1": 0.9246113229686125,
  "test_auroc": 0.0,
  "test_precision": 0.9505428226779252,
  "test_recall": 0.9000571102227298,
  "test_cat_acc": 0.9534355479840999,
  "test_dog_acc": 0.9000571102227298,
  "gap_train_val_acc_best": 0.016423967863460343,
  "gap_train_val_acc_final": 0.058595798014754785,
  "forward_ms_batch1": 2.220113785006106,
  "cuda_peak_mem_mb": 1328.832
}