{
  "arch": "resnet18",
  "activation": "relu",
  "seed": 59,
  "epochs_ran": 23,
  "best_epoch": 16,
  "early_stop_patience_used": 7,
  "duration_sec": 470.01453399658203,
  "mean_epoch_sec": 20.434066736554403,
  "trainable_params": 11177025,
  "lock_epoch": 3,
  "best_val_loss": 0.18557944788794611,
  "best_val_acc": 0.9219595556821418,
  "best_val_f1": 0.922686230248307,
  "best_val_auroc": 0.0,
  "best_val_precision": 0.9113712374581939,
  "best_val_recall": 0.9342857142857143,
  "best_train_acc": 0.9248184536522853,
  "final_val_loss": 0.2248350835167353,
  "final_val_acc": 0.923668470521219,
  "final_val_f1": 0.9272529858849078,
  "final_val_auroc": 0.0,
  "final_val_precision": 0.8831437435367114,
  "final_val_recall": 0.976,
  "final_train_acc": 0.9543540611460304,
  "test_loss": 0.1999232432293729,
  "test_acc": 0.9188496583143508,
  "test_f1": 0.9186875891583451,
  "test_auroc": 0.0,
  "test_precision": 0.9179019384264538,
  "test_recall": 0.9194745859508852,
  "test_cat_acc": 0.9182282793867121,
  "test_dog_acc": 0.9194745859508852,
  "gap_train_val_acc_best": 0.0028588979701434925,
  "gap_train_val_acc_final": 0.030685590624811354,
  "forward_ms_batch1": 0.8148772874847054,
  "cuda_peak_mem_mb": 1328.832
}