{
  "arch": "resnet18",
  "activation": "mish",
  "seed": 83,
  "epochs_ran": 27,
  "best_epoch": 20,
  "early_stop_patience_used": 7,
  "duration_sec": 544.762127161026,
  "mean_epoch_sec": 20.175160957336495,
  "trainable_params": 11177025,
  "lock_epoch": 3,
  "best_val_loss": 0.16533244496179048,
  "best_val_acc": 0.9353460552549131,
  "best_val_f1": 0.9364323718846261,
  "best_val_auroc": 0.0,
  "best_val_precision": 0.9181768259198243,
  "best_val_recall": 0.9554285714285714,
  "best_train_acc": 0.9495941905168731,
  "final_val_loss": 0.1881121158455553,
  "final_val_acc": 0.9333523212759898,
  "final_val_f1": 0.9341216216216215,
  "final_val_auroc": 0.0,
  "final_val_precision": 0.9206437291897891,
  "final_val_recall": 0.948,
  "final_train_acc": 0.9660096417892232,
  "test_loss": 0.18327122443018307,
  "test_acc": 0.9302391799544419,
  "test_f1": 0.9305752337772739,
  "test_auroc": 0.0,
  "test_precision": 0.9235095613048369,
  "test_recall": 0.9377498572244432,
  "test_cat_acc": 0.922771152754117,
  "test_dog_acc": 0.9377498572244432,
  "gap_train_val_acc_best": 0.014248135261960004,
  "gap_train_val_acc_final": 0.032657320513233445,
  "forward_ms_batch1": 0.971143995411694,
  "cuda_peak_mem_mb": 1328.832
}