{
  "arch": "resnet18",
  "activation": "tgelu3",
  "seed": 11,
  "epochs_ran": 27,
  "best_epoch": 20,
  "early_stop_patience_used": 7,
  "duration_sec": 787.7189302444458,
  "mean_epoch_sec": 29.17355891607736,
  "trainable_params": 11177025,
  "lock_epoch": 3,
  "best_val_loss": 0.16857315080860544,
  "best_val_acc": 0.9316434064369126,
  "best_val_f1": 0.9311926605504587,
  "best_val_auroc": 0.0,
  "best_val_precision": 0.9344073647871116,
  "best_val_recall": 0.928,
  "best_train_acc": 0.9434307682919387,
  "final_val_loss": 0.18987560558271557,
  "final_val_acc": 0.9330675021361435,
  "final_val_f1": 0.9341552255533764,
  "final_val_auroc": 0.0,
  "final_val_precision": 0.9164376030786147,
  "final_val_recall": 0.9525714285714286,
  "final_train_acc": 0.9650942820528468,
  "test_loss": 0.1937615978351215,
  "test_acc": 0.9228359908883826,
  "test_f1": 0.9211521675880128,
  "test_auroc": 0.0,
  "test_precision": 0.938908659549229,
  "test_recall": 0.9040548258138207,
  "test_cat_acc": 0.9415105053946621,
  "test_dog_acc": 0.9040548258138207,
  "gap_train_val_acc_best": 0.011787361855026157,
  "gap_train_val_acc_final": 0.03202677991670322,
  "forward_ms_batch1": 1.686226506717503,
  "cuda_peak_mem_mb": 946.75456
}