{
  "arch": "resnet18",
  "activation": "swish",
  "seed": 97,
  "epochs_ran": 27,
  "best_epoch": 20,
  "early_stop_patience_used": 7,
  "duration_sec": 518.178727388382,
  "mean_epoch_sec": 19.190539521216934,
  "trainable_params": 11177025,
  "lock_epoch": 3,
  "best_val_loss": 0.15693024202769584,
  "best_val_acc": 0.935061236115067,
  "best_val_f1": 0.9361344537815125,
  "best_val_auroc": 0.0,
  "best_val_precision": 0.9181318681318681,
  "best_val_recall": 0.9548571428571428,
  "best_train_acc": 0.9448343198877158,
  "final_val_loss": 0.17336348423957654,
  "final_val_acc": 0.9347764169752207,
  "final_val_f1": 0.9358723046765611,
  "final_val_auroc": 0.0,
  "final_val_precision": 0.9176276771004942,
  "final_val_recall": 0.9548571428571428,
  "final_train_acc": 0.9486788307804968,
  "test_loss": 0.1643024413657623,
  "test_acc": 0.9299544419134397,
  "test_f1": 0.9304691916336915,
  "test_auroc": 0.0,
  "test_precision": 0.9210968102965864,
  "test_recall": 0.9400342661336379,
  "test_cat_acc": 0.919931856899489,
  "test_dog_acc": 0.9400342661336379,
  "gap_train_val_acc_best": 0.00977308377264885,
  "gap_train_val_acc_final": 0.013902413805276015,
  "forward_ms_batch1": 1.0033200029283762,
  "cuda_peak_mem_mb": 1328.832
}