{
  "arch": "resnet18",
  "activation": "prelu",
  "seed": 127,
  "epochs_ran": 33,
  "best_epoch": 26,
  "early_stop_patience_used": 7,
  "duration_sec": 669.8913190364838,
  "mean_epoch_sec": 20.29878477195532,
  "trainable_params": 11177034,
  "lock_epoch": 3,
  "best_val_loss": 0.18577517041306793,
  "best_val_acc": 0.9302193107376816,
  "best_val_f1": 0.9294964028776979,
  "best_val_auroc": 0.0,
  "best_val_precision": 0.936231884057971,
  "best_val_recall": 0.9228571428571428,
  "best_train_acc": 0.9685726490510771,
  "final_val_loss": 0.25376070200403816,
  "final_val_acc": 0.9344915978353745,
  "final_val_f1": 0.9353205849268841,
  "final_val_auroc": 0.0,
  "final_val_precision": 0.9208194905869325,
  "final_val_recall": 0.9502857142857143,
  "final_train_acc": 0.9804113016415451,
  "test_loss": 0.2157366928349595,
  "test_acc": 0.9259681093394078,
  "test_f1": 0.9250720461095101,
  "test_auroc": 0.0,
  "test_precision": 0.9336823734729494,
  "test_recall": 0.9166190748143918,
  "test_cat_acc": 0.9352640545144804,
  "test_dog_acc": 0.9166190748143918,
  "gap_train_val_acc_best": 0.03835333831339549,
  "gap_train_val_acc_final": 0.04591970380617061,
  "forward_ms_batch1": 0.6634228862822056,
  "cuda_peak_mem_mb": 1328.832
}