{
  "arch": "resnet18",
  "activation": "swish",
  "seed": 11,
  "epochs_ran": 23,
  "best_epoch": 16,
  "early_stop_patience_used": 7,
  "duration_sec": 739.6439692974091,
  "mean_epoch_sec": 32.1571867276469,
  "trainable_params": 11177025,
  "lock_epoch": 4,
  "best_val_loss": 0.17650999291368918,
  "best_val_acc": 0.9262318427798348,
  "best_val_f1": 0.9276738341245462,
  "best_val_auroc": 0.0,
  "best_val_precision": 0.9071545603495358,
  "best_val_recall": 0.9491428571428572,
  "best_train_acc": 0.933788979068774,
  "final_val_loss": 0.25232360252913705,
  "final_val_acc": 0.894901737396753,
  "final_val_f1": 0.8962025316455695,
  "final_val_auroc": 0.0,
  "final_val_precision": 0.8825484764542936,
  "final_val_recall": 0.9102857142857143,
  "final_train_acc": 0.9550253249527064,
  "test_loss": 0.1983606562629376,
  "test_acc": 0.9208428246013668,
  "test_f1": 0.9214689265536723,
  "test_auroc": 0.0,
  "test_precision": 0.9116825041922862,
  "test_recall": 0.9314677327241576,
  "test_cat_acc": 0.9102782509937536,
  "test_dog_acc": 0.9314677327241576,
  "gap_train_val_acc_best": 0.00755713628893917,
  "gap_train_val_acc_final": 0.06012358755595337,
  "forward_ms_batch1": 1.169277005828917,
  "cuda_peak_mem_mb": 573.938688
}