{
  "arch": "resnet18",
  "activation": "relu",
  "seed": 11,
  "epochs_ran": 31,
  "best_epoch": 24,
  "early_stop_patience_used": 7,
  "duration_sec": 885.6143498420715,
  "mean_epoch_sec": 28.567101793100818,
  "trainable_params": 11177025,
  "lock_epoch": 3,
  "best_val_loss": 0.17435253396464767,
  "best_val_acc": 0.9336371404158359,
  "best_val_f1": 0.9339381910972498,
  "best_val_auroc": 0.0,
  "best_val_precision": 0.9268429938097917,
  "best_val_recall": 0.9411428571428572,
  "best_train_acc": 0.9552083968999817,
  "final_val_loss": 0.19529472809890777,
  "final_val_acc": 0.9344915978353745,
  "final_val_f1": 0.9356103023516238,
  "final_val_auroc": 0.0,
  "final_val_precision": 0.9171240395170143,
  "final_val_recall": 0.9548571428571428,
  "final_train_acc": 0.9686336730335021,
  "test_loss": 0.1981491574631465,
  "test_acc": 0.9251138952164009,
  "test_f1": 0.9245337159253945,
  "test_auroc": 0.0,
  "test_precision": 0.9290657439446367,
  "test_recall": 0.9200456881781839,
  "test_cat_acc": 0.9301533219761499,
  "test_dog_acc": 0.9200456881781839,
  "gap_train_val_acc_best": 0.021571256484145818,
  "gap_train_val_acc_final": 0.03414207519812762,
  "forward_ms_batch1": 1.1846707900986075,
  "cuda_peak_mem_mb": 498.048
}