{
  "arch": "resnet18",
  "activation": "hybrid_0.5",
  "seed": 97,
  "epochs_ran": 25,
  "best_epoch": 18,
  "early_stop_patience_used": 7,
  "duration_sec": 508.97468519210815,
  "mean_epoch_sec": 20.35790232254192,
  "trainable_params": 11177025,
  "lock_epoch": 2,
  "best_val_loss": 0.16924944454796106,
  "best_val_acc": 0.9287952150384506,
  "best_val_f1": 0.9298540965207632,
  "best_val_auroc": 0.0,
  "best_val_precision": 0.9134509371554576,
  "best_val_recall": 0.9468571428571428,
  "best_train_acc": 0.9418441447488863,
  "final_val_loss": 0.19681877534432277,
  "final_val_acc": 0.9270863001993734,
  "final_val_f1": 0.9259259259259259,
  "final_val_auroc": 0.0,
  "final_val_precision": 0.9378663540445487,
  "final_val_recall": 0.9142857142857143,
  "final_train_acc": 0.9624702508085677,
  "test_loss": 0.18351142539521828,
  "test_acc": 0.9245444191343963,
  "test_f1": 0.9246088193456614,
  "test_auroc": 0.0,
  "test_precision": 0.921201814058957,
  "test_recall": 0.9280411193603655,
  "test_cat_acc": 0.9210675752413402,
  "test_dog_acc": 0.9280411193603655,
  "gap_train_val_acc_best": 0.013048929710435697,
  "gap_train_val_acc_final": 0.0353839506091943,
  "forward_ms_batch1": 3.825456998310983,
  "cuda_peak_mem_mb": 1328.832
}