{
  "arch": "resnet18",
  "activation": "prelu",
  "seed": 83,
  "epochs_ran": 24,
  "best_epoch": 17,
  "early_stop_patience_used": 7,
  "duration_sec": 455.413578748703,
  "mean_epoch_sec": 18.974437476388022,
  "trainable_params": 11177034,
  "lock_epoch": 3,
  "best_val_loss": 0.19308509076678898,
  "best_val_acc": 0.9213899174024495,
  "best_val_f1": 0.9223410241980867,
  "best_val_auroc": 0.0,
  "best_val_precision": 0.9085365853658537,
  "best_val_recall": 0.9365714285714286,
  "best_train_acc": 0.933788979068774,
  "final_val_loss": 0.23817297699987225,
  "final_val_acc": 0.9125605240672173,
  "final_val_f1": 0.9087124591138865,
  "final_val_auroc": 0.0,
  "final_val_precision": 0.9473031618102914,
  "final_val_recall": 0.8731428571428571,
  "final_train_acc": 0.9602123634588393,
  "test_loss": 0.1951168817648312,
  "test_acc": 0.9251138952164009,
  "test_f1": 0.9256011315417256,
  "test_auroc": 0.0,
  "test_precision": 0.9170403587443946,
  "test_recall": 0.934323243860651,
  "test_cat_acc": 0.9159568427030097,
  "test_dog_acc": 0.934323243860651,
  "gap_train_val_acc_best": 0.01239906166632454,
  "gap_train_val_acc_final": 0.047651839391621986,
  "forward_ms_batch1": 0.8551005972549319,
  "cuda_peak_mem_mb": 1328.832
}