{
  "arch": "resnet18",
  "activation": "prelu",
  "seed": 37,
  "epochs_ran": 27,
  "best_epoch": 20,
  "early_stop_patience_used": 7,
  "duration_sec": 604.5140879154205,
  "mean_epoch_sec": 22.388187024259455,
  "trainable_params": 11177034,
  "lock_epoch": 3,
  "best_val_loss": 0.1731607761479144,
  "best_val_acc": 0.9322130447166049,
  "best_val_f1": 0.9328063241106719,
  "best_val_auroc": 0.0,
  "best_val_precision": 0.921875,
  "best_val_recall": 0.944,
  "best_train_acc": 0.9484347348507963,
  "final_val_loss": 0.47064776144384896,
  "final_val_acc": 0.8746795784676731,
  "final_val_f1": 0.8587933247753531,
  "final_val_auroc": 0.0,
  "final_val_precision": 0.9795021961932651,
  "final_val_recall": 0.7645714285714286,
  "final_train_acc": 0.9688167449807774,
  "test_loss": 0.19107018414553859,
  "test_acc": 0.9259681093394078,
  "test_f1": 0.9256292906178489,
  "test_auroc": 0.0,
  "test_precision": 0.9272206303724928,
  "test_recall": 0.9240434037692747,
  "test_cat_acc": 0.9278818852924475,
  "test_dog_acc": 0.9240434037692747,
  "gap_train_val_acc_best": 0.01622169013419139,
  "gap_train_val_acc_final": 0.09413716651310433,
  "forward_ms_batch1": 0.6602968089282513,
  "cuda_peak_mem_mb": 1328.832
}