{
  "arch": "resnet18",
  "activation": "tgelu3",
  "seed": 137,
  "epochs_ran": 29,
  "best_epoch": 22,
  "early_stop_patience_used": 7,
  "duration_sec": 576.442967414856,
  "mean_epoch_sec": 19.87606222143172,
  "trainable_params": 11177025,
  "lock_epoch": 2,
  "best_val_loss": 0.16694788870432717,
  "best_val_acc": 0.9339219595556821,
  "best_val_f1": 0.9354120267260578,
  "best_val_auroc": 0.0,
  "best_val_precision": 0.9120521172638436,
  "best_val_recall": 0.96,
  "best_train_acc": 0.9506315982180997,
  "final_val_loss": 0.18819896561154373,
  "final_val_acc": 0.9367701509541441,
  "final_val_f1": 0.9378151260504201,
  "final_val_auroc": 0.0,
  "final_val_precision": 0.9197802197802197,
  "final_val_recall": 0.9565714285714285,
  "final_train_acc": 0.9710746323305058,
  "test_loss": 0.2128446710747847,
  "test_acc": 0.9154328018223234,
  "test_f1": 0.9170159262363788,
  "test_auroc": 0.0,
  "test_precision": 0.8977024070021882,
  "test_recall": 0.9371787549971445,
  "test_cat_acc": 0.8938103350369109,
  "test_dog_acc": 0.9371787549971445,
  "gap_train_val_acc_best": 0.016709638662417592,
  "gap_train_val_acc_final": 0.03430448137636177,
  "forward_ms_batch1": 8.116597589105368,
  "cuda_peak_mem_mb": 1328.832
}