{
  "arch": "resnet18",
  "activation": "relu",
  "seed": 37,
  "epochs_ran": 24,
  "best_epoch": 17,
  "early_stop_patience_used": 7,
  "duration_sec": 584.7923741340637,
  "mean_epoch_sec": 24.365236572387705,
  "trainable_params": 11177025,
  "lock_epoch": 5,
  "best_val_loss": 0.16864180953218808,
  "best_val_acc": 0.9322130447166049,
  "best_val_f1": 0.9321163719338278,
  "best_val_auroc": 0.0,
  "best_val_precision": 0.9305239179954442,
  "best_val_recall": 0.9337142857142857,
  "best_train_acc": 0.9347043388051505,
  "final_val_loss": 0.1877250176944885,
  "final_val_acc": 0.929364853318143,
  "final_val_f1": 0.9274004683840749,
  "final_val_auroc": 0.0,
  "final_val_precision": 0.9507803121248499,
  "final_val_recall": 0.9051428571428571,
  "final_train_acc": 0.9544150851284555,
  "test_loss": 0.18341535516507534,
  "test_acc": 0.9219817767653758,
  "test_f1": 0.9207175925925926,
  "test_auroc": 0.0,
  "test_precision": 0.9331378299120234,
  "test_recall": 0.9086236436322102,
  "test_cat_acc": 0.9352640545144804,
  "test_dog_acc": 0.9086236436322102,
  "gap_train_val_acc_best": 0.002491294088545537,
  "gap_train_val_acc_final": 0.025050231810312518,
  "forward_ms_batch1": 0.6389718968421221,
  "cuda_peak_mem_mb": 1328.832
}