{
  "arch": "resnet18",
  "activation": "prelu",
  "seed": 97,
  "epochs_ran": 28,
  "best_epoch": 21,
  "early_stop_patience_used": 7,
  "duration_sec": 516.8248312473297,
  "mean_epoch_sec": 18.451571305689868,
  "trainable_params": 11177034,
  "lock_epoch": 3,
  "best_val_loss": 0.17185001820325851,
  "best_val_acc": 0.9342067786955284,
  "best_val_f1": 0.9351305812973884,
  "best_val_auroc": 0.0,
  "best_val_precision": 0.9193815571507454,
  "best_val_recall": 0.9514285714285714,
  "best_train_acc": 0.9509367181302252,
  "final_val_loss": 0.22454071633450898,
  "final_val_acc": 0.9296496724579891,
  "final_val_f1": 0.9325320950559957,
  "final_val_auroc": 0.0,
  "final_val_precision": 0.8932496075353218,
  "final_val_recall": 0.9754285714285714,
  "final_train_acc": 0.9671080734728749,
  "test_loss": 0.19620643540843472,
  "test_acc": 0.92625284738041,
  "test_f1": 0.926441351888668,
  "test_auroc": 0.0,
  "test_precision": 0.9214689265536723,
  "test_recall": 0.9314677327241576,
  "test_cat_acc": 0.9210675752413402,
  "test_dog_acc": 0.9314677327241576,
  "gap_train_val_acc_best": 0.016729939434696806,
  "gap_train_val_acc_final": 0.037458401014885734,
  "forward_ms_batch1": 0.889431987889111,
  "cuda_peak_mem_mb": 1328.832
}