{
  "arch": "resnet18",
  "activation": "prelu",
  "seed": 47,
  "epochs_ran": 33,
  "best_epoch": 26,
  "early_stop_patience_used": 7,
  "duration_sec": 666.6799733638763,
  "mean_epoch_sec": 20.20135175856536,
  "trainable_params": 11177034,
  "lock_epoch": 3,
  "best_val_loss": 0.176656137399611,
  "best_val_acc": 0.9347764169752207,
  "best_val_f1": 0.933449578610869,
  "best_val_auroc": 0.0,
  "best_val_precision": 0.9497338852749853,
  "best_val_recall": 0.9177142857142857,
  "best_train_acc": 0.9680234332092512,
  "final_val_loss": 0.2074525410978416,
  "final_val_acc": 0.9330675021361435,
  "final_val_f1": 0.9332575972735019,
  "final_val_auroc": 0.0,
  "final_val_precision": 0.9277244494635799,
  "final_val_recall": 0.9388571428571428,
  "final_train_acc": 0.9804723256239702,
  "test_loss": 0.20080545016804155,
  "test_acc": 0.9216970387243736,
  "test_f1": 0.9182277728218853,
  "test_auroc": 0.0,
  "test_precision": 0.9578163771712159,
  "test_recall": 0.881781838949172,
  "test_cat_acc": 0.9613855763770585,
  "test_dog_acc": 0.881781838949172,
  "gap_train_val_acc_best": 0.03324701623403048,
  "gap_train_val_acc_final": 0.04740482348782671,
  "forward_ms_batch1": 1.0410938877612352,
  "cuda_peak_mem_mb": 1328.832
}