{
  "arch": "resnet18",
  "activation": "swish",
  "seed": 137,
  "epochs_ran": 23,
  "best_epoch": 16,
  "early_stop_patience_used": 7,
  "duration_sec": 452.818971157074,
  "mean_epoch_sec": 19.686524486331187,
  "trainable_params": 11177025,
  "lock_epoch": 3,
  "best_val_loss": 0.17016974521885228,
  "best_val_acc": 0.9324978638564512,
  "best_val_f1": 0.9329181998301728,
  "best_val_auroc": 0.0,
  "best_val_precision": 0.9242849130678632,
  "best_val_recall": 0.9417142857142857,
  "best_train_acc": 0.9350704826997009,
  "final_val_loss": 0.1752199863553964,
  "final_val_acc": 0.9347764169752207,
  "final_val_f1": 0.9359440559440559,
  "final_val_auroc": 0.0,
  "final_val_precision": 0.9167123287671233,
  "final_val_recall": 0.956,
  "final_train_acc": 0.9524623176908525,
  "test_loss": 0.1806926729331527,
  "test_acc": 0.9319476082004556,
  "test_f1": 0.9316557048899058,
  "test_auroc": 0.0,
  "test_precision": 0.9329896907216495,
  "test_recall": 0.9303255282695603,
  "test_cat_acc": 0.9335604770017035,
  "test_dog_acc": 0.9303255282695603,
  "gap_train_val_acc_best": 0.0025726188432497743,
  "gap_train_val_acc_final": 0.017685900715631808,
  "forward_ms_batch1": 0.9200242115184665,
  "cuda_peak_mem_mb": 1328.832
}