{
  "arch": "resnet18",
  "activation": "tgelu3",
  "seed": 97,
  "epochs_ran": 26,
  "best_epoch": 19,
  "early_stop_patience_used": 7,
  "duration_sec": 485.49572372436523,
  "mean_epoch_sec": 18.671917794200663,
  "trainable_params": 11177025,
  "lock_epoch": 4,
  "best_val_loss": 0.16164610109431762,
  "best_val_acc": 0.9324978638564512,
  "best_val_f1": 0.9324978638564511,
  "best_val_auroc": 0.0,
  "best_val_precision": 0.9295854628052242,
  "best_val_recall": 0.9354285714285714,
  "best_train_acc": 0.9451394397998414,
  "final_val_loss": 0.5018294895055476,
  "final_val_acc": 0.8504699515807462,
  "final_val_f1": 0.8681898066783831,
  "final_val_auroc": 0.0,
  "final_val_precision": 0.774294670846395,
  "final_val_recall": 0.988,
  "final_train_acc": 0.961921034966742,
  "test_loss": 0.17629148310436474,
  "test_acc": 0.9273917995444191,
  "test_f1": 0.9269968508445462,
  "test_auroc": 0.0,
  "test_precision": 0.9293915040183697,
  "test_recall": 0.9246145059965734,
  "test_cat_acc": 0.9301533219761499,
  "test_dog_acc": 0.9246145059965734,
  "gap_train_val_acc_best": 0.012641575943390215,
  "gap_train_val_acc_final": 0.11145108338599574,
  "forward_ms_batch1": 1.7637364799156785,
  "cuda_peak_mem_mb": 1328.832
}