{
  "arch": "resnet18",
  "activation": "hybrid_0.25",
  "seed": 47,
  "epochs_ran": 29,
  "best_epoch": 22,
  "early_stop_patience_used": 7,
  "duration_sec": 605.2521712779999,
  "mean_epoch_sec": 20.869861223590398,
  "trainable_params": 11177025,
  "lock_epoch": 2,
  "best_val_loss": 0.1482506067120971,
  "best_val_acc": 0.9396183423526061,
  "best_val_f1": 0.9391853126792885,
  "best_val_auroc": 0.0,
  "best_val_precision": 0.9429723502304147,
  "best_val_recall": 0.9354285714285714,
  "best_train_acc": 0.9508756941478,
  "final_val_loss": 0.165566637700387,
  "final_val_acc": 0.9353460552549131,
  "final_val_f1": 0.9354930377948281,
  "final_val_auroc": 0.0,
  "final_val_precision": 0.9304691916336914,
  "final_val_recall": 0.9405714285714286,
  "final_train_acc": 0.9640568743516202,
  "test_loss": 0.17685004644486246,
  "test_acc": 0.9302391799544419,
  "test_f1": 0.9290472053286997,
  "test_auroc": 0.0,
  "test_precision": 0.9424206815511164,
  "test_recall": 0.9160479725870931,
  "test_cat_acc": 0.9443498012492901,
  "test_dog_acc": 0.9160479725870931,
  "gap_train_val_acc_best": 0.011257351795193937,
  "gap_train_val_acc_final": 0.02871081909670714,
  "forward_ms_batch1": 2.20436688978225,
  "cuda_peak_mem_mb": 1328.832
}