{
  "arch": "resnet18",
  "activation": "relu",
  "seed": 47,
  "epochs_ran": 32,
  "best_epoch": 25,
  "early_stop_patience_used": 7,
  "duration_sec": 676.7709648609161,
  "mean_epoch_sec": 21.147901753429323,
  "trainable_params": 11177025,
  "lock_epoch": 2,
  "best_val_loss": 0.17238007404060826,
  "best_val_acc": 0.9339219595556821,
  "best_val_f1": 0.9348680516563728,
  "best_val_auroc": 0.0,
  "best_val_precision": 0.9188741721854304,
  "best_val_recall": 0.9514285714285714,
  "best_train_acc": 0.9571611643375847,
  "final_val_loss": 0.22607684651152576,
  "final_val_acc": 0.9302193107376816,
  "final_val_f1": 0.928841126924194,
  "final_val_auroc": 0.0,
  "final_val_precision": 0.9444772593030124,
  "final_val_recall": 0.9137142857142857,
  "final_train_acc": 0.971806920119607,
  "test_loss": 0.20255500236038196,
  "test_acc": 0.9259681093394078,
  "test_f1": 0.926470588235294,
  "test_auroc": 0.0,
  "test_precision": 0.9176470588235294,
  "test_recall": 0.9354654483152485,
  "test_cat_acc": 0.9165247018739353,
  "test_dog_acc": 0.9354654483152485,
  "gap_train_val_acc_best": 0.023239204781902556,
  "gap_train_val_acc_final": 0.041587609381925406,
  "forward_ms_batch1": 0.6456504110246897,
  "cuda_peak_mem_mb": 1328.832
}