{
  "arch": "resnet18",
  "activation": "hybrid_0.25",
  "seed": 127,
  "epochs_ran": 36,
  "best_epoch": 29,
  "early_stop_patience_used": 7,
  "duration_sec": 676.1473977565765,
  "mean_epoch_sec": 18.780762651844675,
  "trainable_params": 11177025,
  "lock_epoch": 2,
  "best_val_loss": 0.14603392246763647,
  "best_val_acc": 0.942466533751068,
  "best_val_f1": 0.9427762039660057,
  "best_val_auroc": 0.0,
  "best_val_precision": 0.9348314606741573,
  "best_val_recall": 0.9508571428571428,
  "best_train_acc": 0.9646671141758711,
  "final_val_loss": 0.19268012090210254,
  "final_val_acc": 0.9407576189119908,
  "final_val_f1": 0.9418344519015661,
  "final_val_auroc": 0.0,
  "final_val_precision": 0.9222343921139102,
  "final_val_recall": 0.9622857142857143,
  "final_train_acc": 0.9748581192408616,
  "test_loss": 0.1648327836889884,
  "test_acc": 0.9379271070615034,
  "test_f1": 0.9382086167800454,
  "test_auroc": 0.0,
  "test_precision": 0.9313449634214969,
  "test_recall": 0.9451741861793261,
  "test_cat_acc": 0.9307211811470755,
  "test_dog_acc": 0.9451741861793261,
  "gap_train_val_acc_best": 0.022200580424803107,
  "gap_train_val_acc_final": 0.0341005003288708,
  "forward_ms_batch1": 2.289974712766707,
  "cuda_peak_mem_mb": 1328.832
}