{
  "arch": "resnet18",
  "activation": "hybrid_0.5",
  "seed": 83,
  "epochs_ran": 27,
  "best_epoch": 20,
  "early_stop_patience_used": 7,
  "duration_sec": 498.7058734893799,
  "mean_epoch_sec": 18.469052545234767,
  "trainable_params": 11177025,
  "lock_epoch": 3,
  "best_val_loss": 0.16167031002329885,
  "best_val_acc": 0.9379094275135289,
  "best_val_f1": 0.9394444444444444,
  "best_val_auroc": 0.0,
  "best_val_precision": 0.914054054054054,
  "best_val_recall": 0.9662857142857143,
  "best_train_acc": 0.9496552144992982,
  "final_val_loss": 0.19165184740343177,
  "final_val_acc": 0.9324978638564512,
  "final_val_f1": 0.9319942611190819,
  "final_val_auroc": 0.0,
  "final_val_precision": 0.9360230547550432,
  "final_val_recall": 0.928,
  "final_train_acc": 0.9681454811741014,
  "test_loss": 0.18361901074376355,
  "test_acc": 0.9248291571753986,
  "test_f1": 0.9262157629960873,
  "test_auroc": 0.0,
  "test_precision": 0.9069512862616311,
  "test_recall": 0.9463163906339235,
  "test_cat_acc": 0.9034639409426463,
  "test_dog_acc": 0.9463163906339235,
  "gap_train_val_acc_best": 0.011745786985769335,
  "gap_train_val_acc_final": 0.035647617317650204,
  "forward_ms_batch1": 4.550973209552467,
  "cuda_peak_mem_mb": 1328.832
}