{
  "arch": "resnet18",
  "activation": "prelu",
  "seed": 11,
  "epochs_ran": 28,
  "best_epoch": 21,
  "early_stop_patience_used": 7,
  "duration_sec": 847.447273015976,
  "mean_epoch_sec": 30.260188664933334,
  "trainable_params": 11177034,
  "lock_epoch": 3,
  "best_val_loss": 0.17320182624534813,
  "best_val_acc": 0.929364853318143,
  "best_val_f1": 0.9300225733634311,
  "best_val_auroc": 0.0,
  "best_val_precision": 0.9186176142697882,
  "best_val_recall": 0.9417142857142857,
  "best_train_acc": 0.9486178067980716,
  "final_val_loss": 0.18889075057590085,
  "final_val_acc": 0.9324978638564512,
  "final_val_f1": 0.9312046444121916,
  "final_val_auroc": 0.0,
  "final_val_precision": 0.9463126843657818,
  "final_val_recall": 0.9165714285714286,
  "final_train_acc": 0.9700982486117044,
  "test_loss": 0.1925193497185555,
  "test_acc": 0.9225512528473804,
  "test_f1": 0.9220630372492837,
  "test_auroc": 0.0,
  "test_precision": 0.9252443933294997,
  "test_recall": 0.9189034837235865,
  "test_cat_acc": 0.9261783077796707,
  "test_dog_acc": 0.9189034837235865,
  "gap_train_val_acc_best": 0.019252953479928614,
  "gap_train_val_acc_final": 0.03760038475525318,
  "forward_ms_batch1": 0.9688528953120112,
  "cuda_peak_mem_mb": 1328.832
}