{
  "arch": "resnet18",
  "activation": "tgelu3",
  "seed": 37,
  "epochs_ran": 32,
  "best_epoch": 25,
  "early_stop_patience_used": 7,
  "duration_sec": 742.2041239738464,
  "mean_epoch_sec": 23.19261138924776,
  "trainable_params": 11177025,
  "lock_epoch": 3,
  "best_val_loss": 0.16718232728608803,
  "best_val_acc": 0.9379094275135289,
  "best_val_f1": 0.9384528514963296,
  "best_val_auroc": 0.0,
  "best_val_precision": 0.9274553571428571,
  "best_val_recall": 0.9497142857142857,
  "best_train_acc": 0.9643619942637457,
  "final_val_loss": 0.20009111888267417,
  "final_val_acc": 0.9344915978353745,
  "final_val_f1": 0.9357182783678032,
  "final_val_auroc": 0.0,
  "final_val_precision": 0.9157549234135668,
  "final_val_recall": 0.9565714285714285,
  "final_train_acc": 0.9752242631354122,
  "test_loss": 0.17985639141571277,
  "test_acc": 0.9328018223234624,
  "test_f1": 0.9329164297896532,
  "test_auroc": 0.0,
  "test_precision": 0.9286926994906621,
  "test_recall": 0.9371787549971445,
  "test_cat_acc": 0.9284497444633731,
  "test_dog_acc": 0.9371787549971445,
  "gap_train_val_acc_best": 0.02645256675021679,
  "gap_train_val_acc_final": 0.04073266530003772,
  "forward_ms_batch1": 1.7292324919253588,
  "cuda_peak_mem_mb": 1328.832
}