{
  "arch": "resnet18",
  "activation": "tgelu3",
  "seed": 71,
  "epochs_ran": 30,
  "best_epoch": 23,
  "early_stop_patience_used": 7,
  "duration_sec": 577.5845901966095,
  "mean_epoch_sec": 19.25178459264183,
  "trainable_params": 11177025,
  "lock_epoch": 2,
  "best_val_loss": 0.1647019296485588,
  "best_val_acc": 0.9353460552549131,
  "best_val_f1": 0.9337226277372264,
  "best_val_auroc": 0.0,
  "best_val_precision": 0.9546268656716418,
  "best_val_recall": 0.9137142857142857,
  "best_train_acc": 0.9594190516873131,
  "final_val_loss": 0.22843503334080179,
  "final_val_acc": 0.9239532896610653,
  "final_val_f1": 0.9210759680756724,
  "final_val_auroc": 0.0,
  "final_val_precision": 0.9540722596448254,
  "final_val_recall": 0.8902857142857142,
  "final_train_acc": 0.97375968755721,
  "test_loss": 0.19899475226573357,
  "test_acc": 0.9208428246013668,
  "test_f1": 0.9177027827116636,
  "test_auroc": 0.0,
  "test_precision": 0.9526736324523664,
  "test_recall": 0.885208452312964,
  "test_cat_acc": 0.956274843838728,
  "test_dog_acc": 0.885208452312964,
  "gap_train_val_acc_best": 0.024072996432400018,
  "gap_train_val_acc_final": 0.049806397896144716,
  "forward_ms_batch1": 1.8327706027776003,
  "cuda_peak_mem_mb": 1328.832
}