{
  "arch": "resnet18",
  "activation": "hybrid_0.25",
  "seed": 37,
  "epochs_ran": 25,
  "best_epoch": 18,
  "early_stop_patience_used": 7,
  "duration_sec": 565.6475651264191,
  "mean_epoch_sec": 22.62488349699415,
  "trainable_params": 11177025,
  "lock_epoch": 4,
  "best_val_loss": 0.15843295177794425,
  "best_val_acc": 0.9356308743947593,
  "best_val_f1": 0.9348327566320646,
  "best_val_auroc": 0.0,
  "best_val_precision": 0.9435389988358557,
  "best_val_recall": 0.9262857142857143,
  "best_train_acc": 0.9343381949105999,
  "final_val_loss": 0.1824698255964237,
  "final_val_acc": 0.927940757618912,
  "final_val_f1": 0.9251257768570582,
  "final_val_auroc": 0.0,
  "final_val_precision": 0.9594843462246777,
  "final_val_recall": 0.8931428571428571,
  "final_train_acc": 0.9602123634588393,
  "test_loss": 0.18783481897688672,
  "test_acc": 0.9276765375854215,
  "test_f1": 0.926033779848573,
  "test_auroc": 0.0,
  "test_precision": 0.9447415329768271,
  "test_recall": 0.9080525414049114,
  "test_cat_acc": 0.9471890971039182,
  "test_dog_acc": 0.9080525414049114,
  "gap_train_val_acc_best": -0.0012926794841594536,
  "gap_train_val_acc_final": 0.032271605839927275,
  "forward_ms_batch1": 2.5930816074833274,
  "cuda_peak_mem_mb": 1328.832
}