{
  "arch": "resnet18",
  "activation": "mish",
  "seed": 97,
  "epochs_ran": 23,
  "best_epoch": 16,
  "early_stop_patience_used": 7,
  "duration_sec": 446.7152717113495,
  "mean_epoch_sec": 19.420855488213103,
  "trainable_params": 11177025,
  "lock_epoch": 2,
  "best_val_loss": 0.1638021342895609,
  "best_val_acc": 0.9347764169752207,
  "best_val_f1": 0.9342143062338408,
  "best_val_auroc": 0.0,
  "best_val_precision": 0.9393414211438474,
  "best_val_recall": 0.9291428571428572,
  "best_train_acc": 0.9370232501373039,
  "final_val_loss": 0.20306095742357658,
  "final_val_acc": 0.929364853318143,
  "final_val_f1": 0.9272727272727274,
  "final_val_auroc": 0.0,
  "final_val_precision": 0.9524096385542169,
  "final_val_recall": 0.9034285714285715,
  "final_train_acc": 0.957405260267285,
  "test_loss": 0.19241920340984447,
  "test_acc": 0.9199886104783599,
  "test_f1": 0.9180519101778946,
  "test_auroc": 0.0,
  "test_precision": 0.9380214541120382,
  "test_recall": 0.8989149057681325,
  "test_cat_acc": 0.9409426462237365,
  "test_dog_acc": 0.8989149057681325,
  "gap_train_val_acc_best": 0.002246833162083184,
  "gap_train_val_acc_final": 0.028040406949142005,
  "forward_ms_batch1": 0.9482010034844279,
  "cuda_peak_mem_mb": 1328.832
}