{
  "arch": "resnet18",
  "activation": "swish",
  "seed": 23,
  "epochs_ran": 35,
  "best_epoch": 28,
  "early_stop_patience_used": 7,
  "duration_sec": 1058.5631954669952,
  "mean_epoch_sec": 30.243739090959675,
  "trainable_params": 11177025,
  "lock_epoch": 3,
  "best_val_loss": 0.15592855948671525,
  "best_val_acc": 0.9427513528909143,
  "best_val_f1": 0.9433323935720327,
  "best_val_auroc": 0.0,
  "best_val_precision": 0.9309961046188091,
  "best_val_recall": 0.956,
  "best_train_acc": 0.9653994019649722,
  "final_val_loss": 0.17873327590459367,
  "final_val_acc": 0.942466533751068,
  "final_val_f1": 0.9432265317594154,
  "final_val_auroc": 0.0,
  "final_val_precision": 0.9280973451327433,
  "final_val_recall": 0.9588571428571429,
  "final_train_acc": 0.9758955269420883,
  "test_loss": 0.18217136536922163,
  "test_acc": 0.9365034168564921,
  "test_f1": 0.9368808378148883,
  "test_auroc": 0.0,
  "test_precision": 0.9287317620650954,
  "test_recall": 0.9451741861793261,
  "test_cat_acc": 0.9278818852924475,
  "test_dog_acc": 0.9451741861793261,
  "gap_train_val_acc_best": 0.02264804907405793,
  "gap_train_val_acc_final": 0.03342899319102022,
  "forward_ms_batch1": 1.003150688484311,
  "cuda_peak_mem_mb": 1328.832
}