{
  "arch": "resnet18",
  "activation": "hybrid_0.25",
  "seed": 23,
  "epochs_ran": 28,
  "best_epoch": 21,
  "early_stop_patience_used": 7,
  "duration_sec": 850.9216644763947,
  "mean_epoch_sec": 30.389106568988478,
  "trainable_params": 11177025,
  "lock_epoch": 2,
  "best_val_loss": 0.15923071624002916,
  "best_val_acc": 0.9376246083736827,
  "best_val_f1": 0.9388780351660619,
  "best_val_auroc": 0.0,
  "best_val_precision": 0.9176213857064921,
  "best_val_recall": 0.9611428571428572,
  "best_train_acc": 0.9495331665344481,
  "final_val_loss": 0.20736708606844512,
  "final_val_acc": 0.9182569068641413,
  "final_val_f1": 0.9201668984700974,
  "final_val_auroc": 0.0,
  "final_val_precision": 0.8964769647696477,
  "final_val_recall": 0.9451428571428572,
  "final_train_acc": 0.9652163300176969,
  "test_loss": 0.18886873363633905,
  "test_acc": 0.9242596810933941,
  "test_f1": 0.92578125,
  "test_auroc": 0.0,
  "test_precision": 0.9050736497545008,
  "test_recall": 0.9474585950885208,
  "test_cat_acc": 0.9011925042589438,
  "test_dog_acc": 0.9474585950885208,
  "gap_train_val_acc_best": 0.011908558160765415,
  "gap_train_val_acc_final": 0.04695942315355561,
  "forward_ms_batch1": 2.6978787034749985,
  "cuda_peak_mem_mb": 1328.832
}