{
  "arch": "resnet18",
  "activation": "relu",
  "seed": 97,
  "epochs_ran": 25,
  "best_epoch": 18,
  "early_stop_patience_used": 7,
  "duration_sec": 485.07271099090576,
  "mean_epoch_sec": 19.401502900049092,
  "trainable_params": 11177025,
  "lock_epoch": 5,
  "best_val_loss": 0.17819241353378817,
  "best_val_acc": 0.9302193107376816,
  "best_val_f1": 0.9316977976024533,
  "best_val_auroc": 0.0,
  "best_val_precision": 0.909635274904736,
  "best_val_recall": 0.9548571428571428,
  "best_train_acc": 0.9405016171355343,
  "final_val_loss": 0.2896226997114824,
  "final_val_acc": 0.8974651096553689,
  "final_val_f1": 0.9048122686409307,
  "final_val_auroc": 0.0,
  "final_val_precision": 0.8420275590551181,
  "final_val_recall": 0.9777142857142858,
  "final_train_acc": 0.9601513394764142,
  "test_loss": 0.17641051622756793,
  "test_acc": 0.9296697038724373,
  "test_f1": 0.930048145001416,
  "test_auroc": 0.0,
  "test_precision": 0.9224719101123595,
  "test_recall": 0.9377498572244432,
  "test_cat_acc": 0.9216354344122658,
  "test_dog_acc": 0.9377498572244432,
  "gap_train_val_acc_best": 0.010282306397852659,
  "gap_train_val_acc_final": 0.06268622982104533,
  "forward_ms_batch1": 1.173140900209546,
  "cuda_peak_mem_mb": 1328.832
}