{
  "arch": "resnet18",
  "activation": "relu",
  "seed": 83,
  "epochs_ran": 23,
  "best_epoch": 16,
  "early_stop_patience_used": 7,
  "duration_sec": 443.49650263786316,
  "mean_epoch_sec": 19.281366688796602,
  "trainable_params": 11177025,
  "lock_epoch": 2,
  "best_val_loss": 0.1855457292127494,
  "best_val_acc": 0.9216747365422956,
  "best_val_f1": 0.9193784813837584,
  "best_val_auroc": 0.0,
  "best_val_precision": 0.9440096327513546,
  "best_val_recall": 0.896,
  "best_train_acc": 0.9360468664185024,
  "final_val_loss": 0.213525714542652,
  "final_val_acc": 0.9262318427798348,
  "final_val_f1": 0.928826600714482,
  "final_val_auroc": 0.0,
  "final_val_precision": 0.8946532556908418,
  "final_val_recall": 0.9657142857142857,
  "final_train_acc": 0.9531946054799536,
  "test_loss": 0.20440373610459048,
  "test_acc": 0.9134396355353075,
  "test_f1": 0.9098992294013042,
  "test_auroc": 0.0,
  "test_precision": 0.9457794208256316,
  "test_recall": 0.8766419189034838,
  "test_cat_acc": 0.9500283929585462,
  "test_dog_acc": 0.8766419189034838,
  "gap_train_val_acc_best": 0.01437212987620684,
  "gap_train_val_acc_final": 0.02696276270011877,
  "forward_ms_batch1": 0.8291189093142748,
  "cuda_peak_mem_mb": 1328.832
}