{
  "arch": "resnet18",
  "activation": "tgelu3",
  "seed": 47,
  "epochs_ran": 21,
  "best_epoch": 14,
  "early_stop_patience_used": 7,
  "duration_sec": 428.3191659450531,
  "mean_epoch_sec": 20.394978955554375,
  "trainable_params": 11177025,
  "lock_epoch": 2,
  "best_val_loss": 0.17460843941503967,
  "best_val_acc": 0.9287952150384506,
  "best_val_f1": 0.9271561771561773,
  "best_val_auroc": 0.0,
  "best_val_precision": 0.9458977407847801,
  "best_val_recall": 0.9091428571428571,
  "best_train_acc": 0.9321413315432965,
  "final_val_loss": 0.18736939296461652,
  "final_val_acc": 0.927940757618912,
  "final_val_f1": 0.9271523178807948,
  "final_val_auroc": 0.0,
  "final_val_precision": 0.934416715031921,
  "final_val_recall": 0.92,
  "final_train_acc": 0.9508756941478,
  "test_loss": 0.19085837702069575,
  "test_acc": 0.9199886104783599,
  "test_f1": 0.9168884945282461,
  "test_auroc": 0.0,
  "test_precision": 0.950920245398773,
  "test_recall": 0.885208452312964,
  "test_cat_acc": 0.9545712663259511,
  "test_dog_acc": 0.885208452312964,
  "gap_train_val_acc_best": 0.003346116504845842,
  "gap_train_val_acc_final": 0.022934936528888006,
  "forward_ms_batch1": 1.800268515944481,
  "cuda_peak_mem_mb": 1328.832
}