{
  "arch": "resnet18",
  "activation": "mish",
  "seed": 59,
  "epochs_ran": 27,
  "best_epoch": 20,
  "early_stop_patience_used": 7,
  "duration_sec": 507.36102843284607,
  "mean_epoch_sec": 18.789574701752926,
  "trainable_params": 11177025,
  "lock_epoch": 4,
  "best_val_loss": 0.17498888381353914,
  "best_val_acc": 0.9324978638564512,
  "best_val_f1": 0.932111142938986,
  "best_val_auroc": 0.0,
  "best_val_precision": 0.9345203905801264,
  "best_val_recall": 0.9297142857142857,
  "best_train_acc": 0.9506926222005249,
  "final_val_loss": 0.2096018167650282,
  "final_val_acc": 0.930788949017374,
  "final_val_f1": 0.9303125896185833,
  "final_val_auroc": 0.0,
  "final_val_precision": 0.9337938975244675,
  "final_val_recall": 0.9268571428571428,
  "final_train_acc": 0.9652163300176969,
  "test_loss": 0.19538653361905953,
  "test_acc": 0.9245444191343963,
  "test_f1": 0.9230769230769231,
  "test_auroc": 0.0,
  "test_precision": 0.9386068476977568,
  "test_recall": 0.9080525414049114,
  "test_cat_acc": 0.9409426462237365,
  "test_dog_acc": 0.9080525414049114,
  "gap_train_val_acc_best": 0.01819475834407369,
  "gap_train_val_acc_final": 0.03442738100032294,
  "forward_ms_batch1": 0.7735832128673792,
  "cuda_peak_mem_mb": 1328.832
}