{
  "arch": "resnet18",
  "activation": "hybrid_0.5",
  "seed": 137,
  "epochs_ran": 29,
  "best_epoch": 22,
  "early_stop_patience_used": 7,
  "duration_sec": 667.2887935638428,
  "mean_epoch_sec": 23.008988494695775,
  "trainable_params": 11177025,
  "lock_epoch": 4,
  "best_val_loss": 0.16125144390800475,
  "best_val_acc": 0.9356308743947593,
  "best_val_f1": 0.9360859728506787,
  "best_val_auroc": 0.0,
  "best_val_precision": 0.9266517357222844,
  "best_val_recall": 0.9457142857142857,
  "best_train_acc": 0.9513638860072008,
  "final_val_loss": 0.19719565159483907,
  "final_val_acc": 0.9310737681572202,
  "final_val_f1": 0.931830985915493,
  "final_val_auroc": 0.0,
  "final_val_precision": 0.9188888888888889,
  "final_val_recall": 0.9451428571428572,
  "final_train_acc": 0.9699762006468542,
  "test_loss": 0.1942124418693686,
  "test_acc": 0.9273917995444191,
  "test_f1": 0.927536231884058,
  "test_auroc": 0.0,
  "test_precision": 0.9230769230769231,
  "test_recall": 0.9320388349514563,
  "test_cat_acc": 0.922771152754117,
  "test_dog_acc": 0.9320388349514563,
  "gap_train_val_acc_best": 0.01573301161244145,
  "gap_train_val_acc_final": 0.03890243248963399,
  "forward_ms_batch1": 3.836788795888424,
  "cuda_peak_mem_mb": 1328.832
}