{
  "arch": "resnet18",
  "activation": "mish",
  "seed": 47,
  "epochs_ran": 22,
  "best_epoch": 15,
  "early_stop_patience_used": 7,
  "duration_sec": 441.5707175731659,
  "mean_epoch_sec": 20.07011655331801,
  "trainable_params": 11177025,
  "lock_epoch": 4,
  "best_val_loss": 0.17004777861181333,
  "best_val_acc": 0.9287952150384506,
  "best_val_f1": 0.9287343215507412,
  "best_val_auroc": 0.0,
  "best_val_precision": 0.9266211604095563,
  "best_val_recall": 0.9308571428571428,
  "best_train_acc": 0.9334228351742234,
  "final_val_loss": 0.2222960046029641,
  "final_val_acc": 0.9188265451438337,
  "final_val_f1": 0.9160530191458027,
  "final_val_auroc": 0.0,
  "final_val_precision": 0.9452887537993921,
  "final_val_recall": 0.8885714285714286,
  "final_train_acc": 0.9544761091108805,
  "test_loss": 0.18558357306384823,
  "test_acc": 0.9242596810933941,
  "test_f1": 0.9229878401852925,
  "test_auroc": 0.0,
  "test_precision": 0.9359953024075162,
  "test_recall": 0.9103369503141062,
  "test_cat_acc": 0.9381033503691084,
  "test_dog_acc": 0.9103369503141062,
  "gap_train_val_acc_best": 0.004627620135772781,
  "gap_train_val_acc_final": 0.03564956396704688,
  "forward_ms_batch1": 0.6264145951718092,
  "cuda_peak_mem_mb": 1328.832
}