{
  "arch": "resnet18",
  "activation": "relu",
  "seed": 127,
  "epochs_ran": 30,
  "best_epoch": 23,
  "early_stop_patience_used": 7,
  "duration_sec": 574.0517199039459,
  "mean_epoch_sec": 19.133992727364724,
  "trainable_params": 11177025,
  "lock_epoch": 3,
  "best_val_loss": 0.15349227736662405,
  "best_val_acc": 0.9416120763315294,
  "best_val_f1": 0.9407000289268151,
  "best_val_auroc": 0.0,
  "best_val_precision": 0.9525483304042179,
  "best_val_recall": 0.9291428571428572,
  "best_train_acc": 0.9558186367242326,
  "final_val_loss": 0.21584025574505872,
  "final_val_acc": 0.9233836513813728,
  "final_val_f1": 0.9255466371436478,
  "final_val_auroc": 0.0,
  "final_val_precision": 0.8974771873322598,
  "final_val_recall": 0.9554285714285714,
  "final_train_acc": 0.9715628241899066,
  "test_loss": 0.20340420986294475,
  "test_acc": 0.9199886104783599,
  "test_f1": 0.917667740990331,
  "test_auroc": 0.0,
  "test_precision": 0.9422382671480144,
  "test_recall": 0.894346087949743,
  "test_cat_acc": 0.9454855195911414,
  "test_dog_acc": 0.894346087949743,
  "gap_train_val_acc_best": 0.014206560392703182,
  "gap_train_val_acc_final": 0.04817917280853379,
  "forward_ms_batch1": 1.0828671045601368,
  "cuda_peak_mem_mb": 1328.832
}