{
  "arch": "resnet18",
  "activation": "swish",
  "seed": 127,
  "epochs_ran": 23,
  "best_epoch": 16,
  "early_stop_patience_used": 7,
  "duration_sec": 437.75269532203674,
  "mean_epoch_sec": 19.031607130218458,
  "trainable_params": 11177025,
  "lock_epoch": 4,
  "best_val_loss": 0.16411092899033095,
  "best_val_acc": 0.9347764169752207,
  "best_val_f1": 0.9354383986467437,
  "best_val_auroc": 0.0,
  "best_val_precision": 0.9232053422370617,
  "best_val_recall": 0.948,
  "best_train_acc": 0.9329956672972478,
  "final_val_loss": 0.1744814937999533,
  "final_val_acc": 0.9336371404158359,
  "final_val_f1": 0.9311262193319538,
  "final_val_auroc": 0.0,
  "final_val_precision": 0.964482547458665,
  "final_val_recall": 0.9,
  "final_train_acc": 0.952767437602978,
  "test_loss": 0.18693494957984172,
  "test_acc": 0.9225512528473804,
  "test_f1": 0.9222412807318467,
  "test_auroc": 0.0,
  "test_precision": 0.9232970807097882,
  "test_recall": 0.9211878926327812,
  "test_cat_acc": 0.9239068710959683,
  "test_dog_acc": 0.9211878926327812,
  "gap_train_val_acc_best": -0.001780749677972926,
  "gap_train_val_acc_final": 0.019130297187142098,
  "forward_ms_batch1": 0.6443702848628163,
  "cuda_peak_mem_mb": 1328.832
}