{
  "arch": "resnet18",
  "activation": "hybrid_0.25",
  "seed": 83,
  "epochs_ran": 28,
  "best_epoch": 21,
  "early_stop_patience_used": 7,
  "duration_sec": 541.7188632488251,
  "mean_epoch_sec": 19.345884094280855,
  "trainable_params": 11177025,
  "lock_epoch": 2,
  "best_val_loss": 0.15497614759065867,
  "best_val_acc": 0.9438906294502991,
  "best_val_f1": 0.943826632449387,
  "best_val_auroc": 0.0,
  "best_val_precision": 0.941946499715424,
  "best_val_recall": 0.9457142857142857,
  "best_train_acc": 0.9488008787453469,
  "final_val_loss": 0.17348591168868646,
  "final_val_acc": 0.9364853318142979,
  "final_val_f1": 0.9361945636623747,
  "final_val_auroc": 0.0,
  "final_val_precision": 0.9375358166189112,
  "final_val_recall": 0.9348571428571428,
  "final_train_acc": 0.9657045218770977,
  "test_loss": 0.17640731200270338,
  "test_acc": 0.9316628701594533,
  "test_f1": 0.930635838150289,
  "test_auroc": 0.0,
  "test_precision": 0.9420713867758923,
  "test_recall": 0.9194745859508852,
  "test_cat_acc": 0.9437819420783645,
  "test_dog_acc": 0.9194745859508852,
  "gap_train_val_acc_best": 0.004910249295047797,
  "gap_train_val_acc_final": 0.029219190062799716,
  "forward_ms_batch1": 3.177727502770722,
  "cuda_peak_mem_mb": 1328.832
}