{
  "arch": "efficientnet_b0",
  "activation": "tgelu3",
  "seed": 127,
  "epochs_ran": 29,
  "best_epoch": 19,
  "early_stop_patience_used": 10,
  "duration_sec": 869.1522219181061,
  "mean_epoch_sec": 29.96811630482111,
  "trainable_params": 4008829,
  "lock_epoch": 2,
  "best_val_loss": 0.2776463240155872,
  "best_val_acc": 0.8951865565365993,
  "best_val_f1": 0.8962210941906373,
  "best_val_auroc": 0.0,
  "best_val_precision": 0.8847438752783965,
  "best_val_recall": 0.908,
  "best_train_acc": 0.9424543845731372,
  "final_val_loss": 0.36226496473060854,
  "final_val_acc": 0.8977499287952151,
  "final_val_f1": 0.8968094279965507,
  "final_val_auroc": 0.0,
  "final_val_precision": 0.9022556390977443,
  "final_val_recall": 0.8914285714285715,
  "final_train_acc": 0.9759565509245134,
  "test_loss": 0.312474211147543,
  "test_acc": 0.8826879271070615,
  "test_f1": 0.8830874006810443,
  "test_auroc": 0.0,
  "test_precision": 0.8776085730400451,
  "test_recall": 0.8886350656767561,
  "test_cat_acc": 0.8767745599091425,
  "test_dog_acc": 0.8886350656767561,
  "gap_train_val_acc_best": 0.04726782803653795,
  "gap_train_val_acc_final": 0.0782066221292983,
  "forward_ms_batch1": 7.509827706962824,
  "cuda_peak_mem_mb": 3116.483072
}