{
  "arch": "efficientnet_b0",
  "activation": "tgelu3",
  "seed": 59,
  "epochs_ran": 22,
  "best_epoch": 12,
  "early_stop_patience_used": 10,
  "duration_sec": 818.0259258747101,
  "mean_epoch_sec": 37.17980698753275,
  "trainable_params": 4008829,
  "lock_epoch": 2,
  "best_val_loss": 0.2850522663931295,
  "best_val_acc": 0.8812304186841355,
  "best_val_f1": 0.8806183796163756,
  "best_val_auroc": 0.0,
  "best_val_precision": 0.8823866896156053,
  "best_val_recall": 0.8788571428571429,
  "best_train_acc": 0.9281747726856655,
  "final_val_loss": 0.357851278761519,
  "final_val_acc": 0.881800056963828,
  "final_val_f1": 0.8805067664843075,
  "final_val_auroc": 0.0,
  "final_val_precision": 0.8874056877539176,
  "final_val_recall": 0.8737142857142857,
  "final_train_acc": 0.9689387929456277,
  "test_loss": 0.2802379811543267,
  "test_acc": 0.8824031890660592,
  "test_f1": 0.8799767509444928,
  "test_auroc": 0.0,
  "test_precision": 0.8958579881656805,
  "test_recall": 0.8646487721302113,
  "test_cat_acc": 0.9000567859170926,
  "test_dog_acc": 0.8646487721302113,
  "gap_train_val_acc_best": 0.046944354001529964,
  "gap_train_val_acc_final": 0.08713873598179966,
  "forward_ms_batch1": 12.601566594094038,
  "cuda_peak_mem_mb": 3116.483072
}