{
  "arch": "efficientnet_b0",
  "activation": "prelu",
  "seed": 137,
  "epochs_ran": 33,
  "best_epoch": 23,
  "early_stop_patience_used": 10,
  "duration_sec": 670.5425488948822,
  "mean_epoch_sec": 20.312974425237343,
  "trainable_params": 4008878,
  "lock_epoch": 1,
  "best_val_loss": 0.26409859163779476,
  "best_val_acc": 0.8983195670749075,
  "best_val_f1": 0.8992947813822285,
  "best_val_auroc": 0.0,
  "best_val_precision": 0.8880222841225627,
  "best_val_recall": 0.9108571428571428,
  "best_train_acc": 0.9649722340879966,
  "final_val_loss": 0.3341657984052177,
  "final_val_acc": 0.9040159498718314,
  "final_val_f1": 0.9053636618927268,
  "final_val_auroc": 0.0,
  "final_val_precision": 0.8901159580342353,
  "final_val_recall": 0.9211428571428572,
  "final_train_acc": 0.9786416061512174,
  "test_loss": 0.28015322019271804,
  "test_acc": 0.8969248291571754,
  "test_f1": 0.8958573072497122,
  "test_auroc": 0.0,
  "test_precision": 0.9026086956521739,
  "test_recall": 0.8892061679040548,
  "test_cat_acc": 0.9045996592844975,
  "test_dog_acc": 0.8892061679040548,
  "gap_train_val_acc_best": 0.06665266701308914,
  "gap_train_val_acc_final": 0.074625656279386,
  "forward_ms_batch1": 1.7694148002192378,
  "cuda_peak_mem_mb": 3116.483072
}