{
  "arch": "efficientnet_b0",
  "activation": "prelu",
  "seed": 37,
  "epochs_ran": 26,
  "best_epoch": 16,
  "early_stop_patience_used": 10,
  "duration_sec": 952.8320801258087,
  "mean_epoch_sec": 36.64390188667816,
  "trainable_params": 4008878,
  "lock_epoch": 2,
  "best_val_loss": 0.25240546460251495,
  "best_val_acc": 0.8994588436342922,
  "best_val_f1": 0.8979473836368893,
  "best_val_auroc": 0.0,
  "best_val_precision": 0.9087185488589818,
  "best_val_recall": 0.8874285714285715,
  "best_train_acc": 0.9523402697260023,
  "final_val_loss": 0.30333348276845346,
  "final_val_acc": 0.9071489604101396,
  "final_val_f1": 0.9068571428571428,
  "final_val_auroc": 0.0,
  "final_val_precision": 0.9068571428571428,
  "final_val_recall": 0.9068571428571428,
  "final_train_acc": 0.9713797522426314,
  "test_loss": 0.2477208380682865,
  "test_acc": 0.9023348519362187,
  "test_f1": 0.8995607613469985,
  "test_auroc": 0.0,
  "test_precision": 0.9230769230769231,
  "test_recall": 0.8772130211307824,
  "test_cat_acc": 0.9273140261215219,
  "test_dog_acc": 0.8772130211307824,
  "gap_train_val_acc_best": 0.05288142609171009,
  "gap_train_val_acc_final": 0.06423079183249181,
  "forward_ms_batch1": 1.9794279942288995,
  "cuda_peak_mem_mb": 3116.483072
}