{
  "arch": "efficientnet_b0",
  "activation": "tgelu3",
  "seed": 137,
  "epochs_ran": 23,
  "best_epoch": 13,
  "early_stop_patience_used": 10,
  "duration_sec": 494.1433084011078,
  "mean_epoch_sec": 21.48122314600598,
  "trainable_params": 4008829,
  "lock_epoch": 2,
  "best_val_loss": 0.2801362812154078,
  "best_val_acc": 0.8837937909427513,
  "best_val_f1": 0.8860335195530727,
  "best_val_auroc": 0.0,
  "best_val_precision": 0.8666666666666667,
  "best_val_recall": 0.9062857142857143,
  "best_train_acc": 0.9274424848965643,
  "final_val_loss": 0.32985627665750766,
  "final_val_acc": 0.8934776416975221,
  "final_val_f1": 0.892959358900973,
  "final_val_auroc": 0.0,
  "final_val_precision": 0.8944954128440367,
  "final_val_recall": 0.8914285714285715,
  "final_train_acc": 0.9668029535607494,
  "test_loss": 0.30509730487858244,
  "test_acc": 0.876993166287016,
  "test_f1": 0.8787198203256598,
  "test_auroc": 0.0,
  "test_precision": 0.8641634456101601,
  "test_recall": 0.8937749857224443,
  "test_cat_acc": 0.8603066439522998,
  "test_dog_acc": 0.8937749857224443,
  "gap_train_val_acc_best": 0.04364869395381299,
  "gap_train_val_acc_final": 0.07332531186322733,
  "forward_ms_batch1": 5.158247705549002,
  "cuda_peak_mem_mb": 3116.483072
}