{
  "arch": "efficientnet_b0",
  "activation": "swish",
  "seed": 137,
  "epochs_ran": 23,
  "best_epoch": 13,
  "early_stop_patience_used": 10,
  "duration_sec": 444.859090089798,
  "mean_epoch_sec": 19.338135623939984,
  "trainable_params": 4008829,
  "lock_epoch": 2,
  "best_val_loss": 0.2861874149892107,
  "best_val_acc": 0.8843634292224437,
  "best_val_f1": 0.8816326530612244,
  "best_val_auroc": 0.0,
  "best_val_precision": 0.9,
  "best_val_recall": 0.864,
  "best_train_acc": 0.9237810459510588,
  "final_val_loss": 0.28981192060699834,
  "final_val_acc": 0.8946169182569068,
  "final_val_f1": 0.8934331797235024,
  "final_val_auroc": 0.0,
  "final_val_precision": 0.9006968641114983,
  "final_val_recall": 0.8862857142857142,
  "final_train_acc": 0.9648501861231464,
  "test_loss": 0.30181310341135514,
  "test_acc": 0.8710136674259681,
  "test_f1": 0.8656185108276476,
  "test_auroc": 0.0,
  "test_precision": 0.9006172839506172,
  "test_recall": 0.8332381496287835,
  "test_cat_acc": 0.9085746734809768,
  "test_dog_acc": 0.8332381496287835,
  "gap_train_val_acc_best": 0.0394176167286151,
  "gap_train_val_acc_final": 0.07023326786623962,
  "forward_ms_batch1": 2.0096472930163145,
  "cuda_peak_mem_mb": 3116.483072
}