{
  "arch": "efficientnet_b0",
  "activation": "prelu",
  "seed": 83,
  "epochs_ran": 23,
  "best_epoch": 13,
  "early_stop_patience_used": 10,
  "duration_sec": 784.7674295902252,
  "mean_epoch_sec": 34.11670664827461,
  "trainable_params": 4008878,
  "lock_epoch": 2,
  "best_val_loss": 0.24889102476303884,
  "best_val_acc": 0.894901737396753,
  "best_val_f1": 0.89288824383164,
  "best_val_auroc": 0.0,
  "best_val_precision": 0.9073746312684365,
  "best_val_recall": 0.8788571428571429,
  "best_train_acc": 0.9359248184536523,
  "final_val_loss": 0.2725441251188831,
  "final_val_acc": 0.8997436627741384,
  "final_val_f1": 0.9007891770011273,
  "final_val_auroc": 0.0,
  "final_val_precision": 0.8887652947719689,
  "final_val_recall": 0.9131428571428571,
  "final_train_acc": 0.9666198816134741,
  "test_loss": 0.2760702102765407,
  "test_acc": 0.8943621867881549,
  "test_f1": 0.8918051910177894,
  "test_auroc": 0.0,
  "test_precision": 0.9112038140643623,
  "test_recall": 0.8732153055396916,
  "test_cat_acc": 0.9153889835320841,
  "test_dog_acc": 0.8732153055396916,
  "gap_train_val_acc_best": 0.041023081056899224,
  "gap_train_val_acc_final": 0.0668762188393357,
  "forward_ms_batch1": 1.984568196348846,
  "cuda_peak_mem_mb": 3116.483072
}