{
  "arch": "efficientnet_b0",
  "activation": "mish",
  "seed": 71,
  "epochs_ran": 22,
  "best_epoch": 12,
  "early_stop_patience_used": 10,
  "duration_sec": 759.0646262168884,
  "mean_epoch_sec": 34.49965681749481,
  "trainable_params": 4008829,
  "lock_epoch": 2,
  "best_val_loss": 0.29352131805946874,
  "best_val_acc": 0.8769581315864426,
  "best_val_f1": 0.875432525951557,
  "best_val_auroc": 0.0,
  "best_val_precision": 0.8835855646100116,
  "best_val_recall": 0.8674285714285714,
  "best_train_acc": 0.9258558613535119,
  "final_val_loss": 0.36165775564517505,
  "final_val_acc": 0.8823696952435204,
  "final_val_f1": 0.8794864312810037,
  "final_val_auroc": 0.0,
  "final_val_precision": 0.898628503279666,
  "final_val_recall": 0.8611428571428571,
  "final_train_acc": 0.965887593824373,
  "test_loss": 0.2952460411062002,
  "test_acc": 0.8772779043280182,
  "test_f1": 0.8753254266705235,
  "test_auroc": 0.0,
  "test_precision": 0.8868698710433763,
  "test_recall": 0.8640776699029126,
  "test_cat_acc": 0.8904031800113572,
  "test_dog_acc": 0.8640776699029126,
  "gap_train_val_acc_best": 0.0488977297670693,
  "gap_train_val_acc_final": 0.08351789858085257,
  "forward_ms_batch1": 1.782174687832594,
  "cuda_peak_mem_mb": 3116.483072
}