{
  "arch": "efficientnet_b0",
  "activation": "hybrid_0.5",
  "seed": 83,
  "epochs_ran": 25,
  "best_epoch": 15,
  "early_stop_patience_used": 10,
  "duration_sec": 849.1727135181427,
  "mean_epoch_sec": 33.963378390362486,
  "trainable_params": 4008829,
  "lock_epoch": 2,
  "best_val_loss": 0.26916732157577106,
  "best_val_acc": 0.894901737396753,
  "best_val_f1": 0.8979817528338403,
  "best_val_auroc": 0.0,
  "best_val_precision": 0.8698446705945367,
  "best_val_recall": 0.928,
  "best_train_acc": 0.944895343870141,
  "final_val_loss": 0.3088721286296437,
  "final_val_acc": 0.8983195670749075,
  "final_val_f1": 0.8994082840236687,
  "final_val_auroc": 0.0,
  "final_val_precision": 0.8871595330739299,
  "final_val_recall": 0.912,
  "final_train_acc": 0.9722340879965826,
  "test_loss": 0.2770177677511354,
  "test_acc": 0.8886674259681093,
  "test_f1": 0.8914793227865668,
  "test_auroc": 0.0,
  "test_precision": 0.8671706263498921,
  "test_recall": 0.9171901770416905,
  "test_cat_acc": 0.8603066439522998,
  "test_dog_acc": 0.9171901770416905,
  "gap_train_val_acc_best": 0.04999360647338791,
  "gap_train_val_acc_final": 0.07391452092167516,
  "forward_ms_batch1": 11.777779506519437,
  "cuda_peak_mem_mb": 3116.483072
}