{
  "arch": "efficientnet_b0",
  "activation": "prelu",
  "seed": 71,
  "epochs_ran": 30,
  "best_epoch": 20,
  "early_stop_patience_used": 10,
  "duration_sec": 999.2824223041534,
  "mean_epoch_sec": 33.30604195833051,
  "trainable_params": 4008878,
  "lock_epoch": 1,
  "best_val_loss": 0.26787548911381365,
  "best_val_acc": 0.9011677584733694,
  "best_val_f1": 0.9009985734664764,
  "best_val_auroc": 0.0,
  "best_val_precision": 0.8997150997150997,
  "best_val_recall": 0.9022857142857142,
  "best_train_acc": 0.9602733874412644,
  "final_val_loss": 0.3621861489027594,
  "final_val_acc": 0.883224152663059,
  "final_val_f1": 0.8741559238796808,
  "final_val_auroc": 0.0,
  "final_val_precision": 0.9442970822281167,
  "final_val_recall": 0.8137142857142857,
  "final_train_acc": 0.9755904070299628,
  "test_loss": 0.26140917739183867,
  "test_acc": 0.9037585421412301,
  "test_f1": 0.9023121387283238,
  "test_auroc": 0.0,
  "test_precision": 0.9133996489174956,
  "test_recall": 0.8914905768132496,
  "test_cat_acc": 0.9159568427030097,
  "test_dog_acc": 0.8914905768132496,
  "gap_train_val_acc_best": 0.05910562896789506,
  "gap_train_val_acc_final": 0.09236625436690382,
  "forward_ms_batch1": 2.1221689181402326,
  "cuda_peak_mem_mb": 3116.483072
}