{
  "arch": "efficientnet_b0",
  "activation": "mish",
  "seed": 83,
  "epochs_ran": 24,
  "best_epoch": 14,
  "early_stop_patience_used": 10,
  "duration_sec": 770.2258472442627,
  "mean_epoch_sec": 32.08907764364267,
  "trainable_params": 4008829,
  "lock_epoch": 2,
  "best_val_loss": 0.26215396309231664,
  "best_val_acc": 0.894901737396753,
  "best_val_f1": 0.8935064935064935,
  "best_val_auroc": 0.0,
  "best_val_precision": 0.9026239067055394,
  "best_val_recall": 0.8845714285714286,
  "best_train_acc": 0.9414169768719106,
  "final_val_loss": 0.30180232602030216,
  "final_val_acc": 0.8991740244944461,
  "final_val_f1": 0.8994889267461669,
  "final_val_auroc": 0.0,
  "final_val_precision": 0.8939051918735892,
  "final_val_recall": 0.9051428571428571,
  "final_train_acc": 0.9703423445414048,
  "test_loss": 0.29568929939715355,
  "test_acc": 0.8878132118451025,
  "test_f1": 0.8847953216374269,
  "test_auroc": 0.0,
  "test_precision": 0.9065308568004793,
  "test_recall": 0.8640776699029126,
  "test_cat_acc": 0.9114139693356048,
  "test_dog_acc": 0.8640776699029126,
  "gap_train_val_acc_best": 0.046515239475157566,
  "gap_train_val_acc_final": 0.07116832004695872,
  "forward_ms_batch1": 1.9421694800257683,
  "cuda_peak_mem_mb": 3116.483072
}