{
  "arch": "efficientnet_b0",
  "activation": "mish",
  "seed": 127,
  "epochs_ran": 22,
  "best_epoch": 12,
  "early_stop_patience_used": 10,
  "duration_sec": 565.9504044055939,
  "mean_epoch_sec": 25.72165380525191,
  "trainable_params": 4008829,
  "lock_epoch": 2,
  "best_val_loss": 0.26672827047530623,
  "best_val_acc": 0.8977499287952151,
  "best_val_f1": 0.8961527335840324,
  "best_val_auroc": 0.0,
  "best_val_precision": 0.9074399531341535,
  "best_val_recall": 0.8851428571428571,
  "best_train_acc": 0.9347653627875755,
  "final_val_loss": 0.3327785668482437,
  "final_val_acc": 0.8900598120193677,
  "final_val_f1": 0.8922991071428571,
  "final_val_auroc": 0.0,
  "final_val_precision": 0.8718647764449291,
  "final_val_recall": 0.9137142857142857,
  "final_train_acc": 0.9696710807347287,
  "test_loss": 0.2765551374414787,
  "test_acc": 0.8932232346241458,
  "test_f1": 0.890382928968138,
  "test_auroc": 0.0,
  "test_precision": 0.9119760479041916,
  "test_recall": 0.8697886921758995,
  "test_cat_acc": 0.9165247018739353,
  "test_dog_acc": 0.8697886921758995,
  "gap_train_val_acc_best": 0.0370154339923604,
  "gap_train_val_acc_final": 0.07961126871536106,
  "forward_ms_batch1": 1.9618218997493386,
  "cuda_peak_mem_mb": 3116.483072
}