{
  "arch": "efficientnet_b0",
  "activation": "tgelu3",
  "seed": 23,
  "epochs_ran": 25,
  "best_epoch": 15,
  "early_stop_patience_used": 10,
  "duration_sec": 1059.634684562683,
  "mean_epoch_sec": 42.38256827246398,
  "trainable_params": 4008829,
  "lock_epoch": 3,
  "best_val_loss": 0.2991012790558923,
  "best_val_acc": 0.8852178866419823,
  "best_val_f1": 0.8876498466685251,
  "best_val_auroc": 0.0,
  "best_val_precision": 0.8666303756124115,
  "best_val_recall": 0.9097142857142857,
  "best_train_acc": 0.940257521205834,
  "final_val_loss": 0.3749780083816298,
  "final_val_acc": 0.8803759612645969,
  "final_val_f1": 0.8818897637795274,
  "final_val_auroc": 0.0,
  "final_val_precision": 0.8682170542635659,
  "final_val_recall": 0.896,
  "final_train_acc": 0.9694880087874534,
  "test_loss": 0.32389820837214217,
  "test_acc": 0.8715831435079726,
  "test_f1": 0.8725628708674767,
  "test_auroc": 0.0,
  "test_precision": 0.8635346756152126,
  "test_recall": 0.881781838949172,
  "test_cat_acc": 0.861442362294151,
  "test_dog_acc": 0.881781838949172,
  "gap_train_val_acc_best": 0.055039634563851636,
  "gap_train_val_acc_final": 0.08911204752285651,
  "forward_ms_batch1": 6.457179901190102,
  "cuda_peak_mem_mb": 3116.483072
}