{
  "arch": "efficientnet_b0",
  "activation": "prelu",
  "seed": 59,
  "epochs_ran": 22,
  "best_epoch": 12,
  "early_stop_patience_used": 10,
  "duration_sec": 696.9534883499146,
  "mean_epoch_sec": 31.674117717595603,
  "trainable_params": 4008878,
  "lock_epoch": 2,
  "best_val_loss": 0.2671914238836038,
  "best_val_acc": 0.8954713756764454,
  "best_val_f1": 0.8943884892086331,
  "best_val_auroc": 0.0,
  "best_val_precision": 0.9008695652173913,
  "best_val_recall": 0.888,
  "best_train_acc": 0.931164947824495,
  "final_val_loss": 0.3187981434304366,
  "final_val_acc": 0.8909142694389063,
  "final_val_f1": 0.8883707373943457,
  "final_val_auroc": 0.0,
  "final_val_precision": 0.9066032123735871,
  "final_val_recall": 0.8708571428571429,
  "final_train_acc": 0.9679624092268262,
  "test_loss": 0.2660609490507556,
  "test_acc": 0.8855353075170843,
  "test_f1": 0.8830034924330618,
  "test_auroc": 0.0,
  "test_precision": 0.9002967359050446,
  "test_recall": 0.8663620788121074,
  "test_cat_acc": 0.9045996592844975,
  "test_dog_acc": 0.8663620788121074,
  "gap_train_val_acc_best": 0.03569357214804958,
  "gap_train_val_acc_final": 0.07704813978791991,
  "forward_ms_batch1": 1.9314910983666778,
  "cuda_peak_mem_mb": 3116.483072
}