{
  "arch": "efficientnet_b0",
  "activation": "prelu",
  "seed": 23,
  "epochs_ran": 21,
  "best_epoch": 11,
  "early_stop_patience_used": 10,
  "duration_sec": 890.7623810768127,
  "mean_epoch_sec": 42.413292722421744,
  "trainable_params": 4008878,
  "lock_epoch": 3,
  "best_val_loss": 0.23794093341000294,
  "best_val_acc": 0.9025918541726003,
  "best_val_f1": 0.9043624161073827,
  "best_val_auroc": 0.0,
  "best_val_precision": 0.8855421686746988,
  "best_val_recall": 0.924,
  "best_train_acc": 0.9235369500213584,
  "final_val_loss": 0.24872142407959325,
  "final_val_acc": 0.9045855881515238,
  "final_val_f1": 0.9049645390070923,
  "final_val_auroc": 0.0,
  "final_val_precision": 0.8985915492957747,
  "final_val_recall": 0.9114285714285715,
  "final_train_acc": 0.9654604259473973,
  "test_loss": 0.26105903957998017,
  "test_acc": 0.8940774487471527,
  "test_f1": 0.8952702702702703,
  "test_auroc": 0.0,
  "test_precision": 0.8828428650749583,
  "test_recall": 0.9080525414049114,
  "test_cat_acc": 0.8801817149346962,
  "test_dog_acc": 0.9080525414049114,
  "gap_train_val_acc_best": 0.020945095848758033,
  "gap_train_val_acc_final": 0.06087483779587355,
  "forward_ms_batch1": 1.8526711966842413,
  "cuda_peak_mem_mb": 3116.483072
}