{
  "arch": "efficientnet_b0",
  "activation": "hybrid_0.25",
  "seed": 71,
  "epochs_ran": 21,
  "best_epoch": 11,
  "early_stop_patience_used": 10,
  "duration_sec": 874.8137094974518,
  "mean_epoch_sec": 41.65372355186957,
  "trainable_params": 4008829,
  "lock_epoch": 2,
  "best_val_loss": 0.2728520714381046,
  "best_val_acc": 0.8917687268584449,
  "best_val_f1": 0.889855072463768,
  "best_val_auroc": 0.0,
  "best_val_precision": 0.9029411764705882,
  "best_val_recall": 0.8771428571428571,
  "best_train_acc": 0.9235369500213584,
  "final_val_loss": 0.3805905754530202,
  "final_val_acc": 0.8923383651381372,
  "final_val_f1": 0.889795918367347,
  "final_val_auroc": 0.0,
  "final_val_precision": 0.9083333333333333,
  "final_val_recall": 0.872,
  "final_train_acc": 0.9709525843656557,
  "test_loss": 0.29706530123609615,
  "test_acc": 0.8784168564920274,
  "test_f1": 0.8743008536944362,
  "test_auroc": 0.0,
  "test_precision": 0.9021871202916161,
  "test_recall": 0.8480868075385494,
  "test_cat_acc": 0.9085746734809768,
  "test_dog_acc": 0.8480868075385494,
  "gap_train_val_acc_best": 0.0317682231629135,
  "gap_train_val_acc_final": 0.07861421922751843,
  "forward_ms_batch1": 33.40747030451894,
  "cuda_peak_mem_mb": 3116.483072
}