{
  "arch": "efficientnet_b0",
  "activation": "mish",
  "seed": 59,
  "epochs_ran": 22,
  "best_epoch": 12,
  "early_stop_patience_used": 10,
  "duration_sec": 730.8170630931854,
  "mean_epoch_sec": 33.21578507323284,
  "trainable_params": 4008829,
  "lock_epoch": 2,
  "best_val_loss": 0.28106925058903026,
  "best_val_acc": 0.8852178866419823,
  "best_val_f1": 0.884824235495856,
  "best_val_auroc": 0.0,
  "best_val_precision": 0.8850771869639794,
  "best_val_recall": 0.8845714285714286,
  "best_train_acc": 0.9358637944712271,
  "final_val_loss": 0.3897161635281627,
  "final_val_acc": 0.8872116206209057,
  "final_val_f1": 0.889261744966443,
  "final_val_auroc": 0.0,
  "final_val_precision": 0.8707557502738226,
  "final_val_recall": 0.9085714285714286,
  "final_train_acc": 0.9694269848050284,
  "test_loss": 0.3013050318578924,
  "test_acc": 0.8732915717539863,
  "test_f1": 0.8714987005486572,
  "test_auroc": 0.0,
  "test_precision": 0.8814252336448598,
  "test_recall": 0.8617932609937179,
  "test_cat_acc": 0.8847245883021011,
  "test_dog_acc": 0.8617932609937179,
  "gap_train_val_acc_best": 0.05064590782924483,
  "gap_train_val_acc_final": 0.08221536418412267,
  "forward_ms_batch1": 2.207830687984824,
  "cuda_peak_mem_mb": 3116.483072
}