{
  "arch": "efficientnet_b0",
  "activation": "swish",
  "seed": 11,
  "epochs_ran": 28,
  "best_epoch": 18,
  "early_stop_patience_used": 10,
  "duration_sec": 1000.694253206253,
  "mean_epoch_sec": 35.73640304896149,
  "trainable_params": 4008829,
  "lock_epoch": 2,
  "best_val_loss": 0.25493664800170074,
  "best_val_acc": 0.9037311307319852,
  "best_val_f1": 0.90386803185438,
  "best_val_auroc": 0.0,
  "best_val_precision": 0.8997734994337486,
  "best_val_recall": 0.908,
  "best_train_acc": 0.958015500091536,
  "final_val_loss": 0.33167940175743804,
  "final_val_acc": 0.8988892053545998,
  "final_val_f1": 0.9026063100137174,
  "final_val_auroc": 0.0,
  "final_val_precision": 0.8680738786279684,
  "final_val_recall": 0.94,
  "final_train_acc": 0.97375968755721,
  "test_loss": 0.2625842930787245,
  "test_acc": 0.8898063781321185,
  "test_f1": 0.8902750212645307,
  "test_auroc": 0.0,
  "test_precision": 0.884009009009009,
  "test_recall": 0.8966304968589377,
  "test_cat_acc": 0.8830210107893243,
  "test_dog_acc": 0.8966304968589377,
  "gap_train_val_acc_best": 0.05428436935955083,
  "gap_train_val_acc_final": 0.07487048220261017,
  "forward_ms_batch1": 2.585578989237547,
  "cuda_peak_mem_mb": 1063.05536
}