{
  "arch": "efficientnet_b0",
  "activation": "tgelu3",
  "seed": 37,
  "epochs_ran": 22,
  "best_epoch": 12,
  "early_stop_patience_used": 10,
  "duration_sec": 912.7678878307343,
  "mean_epoch_sec": 41.48595345586496,
  "trainable_params": 4008829,
  "lock_epoch": 2,
  "best_val_loss": 0.26135374561092245,
  "best_val_acc": 0.8943320991170607,
  "best_val_f1": 0.8938483547925609,
  "best_val_auroc": 0.0,
  "best_val_precision": 0.8951289398280803,
  "best_val_recall": 0.8925714285714286,
  "best_train_acc": 0.9212180386892048,
  "final_val_loss": 0.2925553674271425,
  "final_val_acc": 0.8994588436342922,
  "final_val_f1": 0.8970545348498105,
  "final_val_auroc": 0.0,
  "final_val_precision": 0.9160214413341274,
  "final_val_recall": 0.8788571428571429,
  "final_train_acc": 0.9672911454201502,
  "test_loss": 0.27408817155893406,
  "test_acc": 0.8832574031890661,
  "test_f1": 0.8812282734646582,
  "test_auroc": 0.0,
  "test_precision": 0.8941798941798942,
  "test_recall": 0.8686464877213022,
  "test_cat_acc": 0.8977853492333902,
  "test_dog_acc": 0.8686464877213022,
  "gap_train_val_acc_best": 0.026885939572144135,
  "gap_train_val_acc_final": 0.06783230178585797,
  "forward_ms_batch1": 5.063282884657383,
  "cuda_peak_mem_mb": 3116.483072
}