{
  "arch": "efficientnet_b0",
  "activation": "mish",
  "seed": 11,
  "epochs_ran": 26,
  "best_epoch": 16,
  "early_stop_patience_used": 10,
  "duration_sec": 1013.8713710308075,
  "mean_epoch_sec": 38.992067260954244,
  "trainable_params": 4008829,
  "lock_epoch": 2,
  "best_val_loss": 0.27627189118310075,
  "best_val_acc": 0.8954713756764454,
  "best_val_f1": 0.8951728077692089,
  "best_val_auroc": 0.0,
  "best_val_precision": 0.8949171901770417,
  "best_val_recall": 0.8954285714285715,
  "best_train_acc": 0.9531946054799536,
  "final_val_loss": 0.3512801285445843,
  "final_val_acc": 0.894901737396753,
  "final_val_f1": 0.8975284643154681,
  "final_val_auroc": 0.0,
  "final_val_precision": 0.8730415991356024,
  "final_val_recall": 0.9234285714285714,
  "final_train_acc": 0.9693659608226033,
  "test_loss": 0.27304123800273367,
  "test_acc": 0.890375854214123,
  "test_f1": 0.8875255623721882,
  "test_auroc": 0.0,
  "test_precision": 0.9084928229665071,
  "test_recall": 0.8675042832667047,
  "test_cat_acc": 0.9131175468483816,
  "test_dog_acc": 0.8675042832667047,
  "gap_train_val_acc_best": 0.05772322980350819,
  "gap_train_val_acc_final": 0.07446422342585024,
  "forward_ms_batch1": 1.677177892997861,
  "cuda_peak_mem_mb": 3116.483072
}