{
  "arch": "efficientnet_b0",
  "activation": "hybrid_0.25",
  "seed": 11,
  "epochs_ran": 22,
  "best_epoch": 12,
  "early_stop_patience_used": 10,
  "duration_sec": 901.4770605564117,
  "mean_epoch_sec": 40.97317864470692,
  "trainable_params": 4008829,
  "lock_epoch": 2,
  "best_val_loss": 0.2680554660559719,
  "best_val_acc": 0.8960410139561379,
  "best_val_f1": 0.8979591836734694,
  "best_val_auroc": 0.0,
  "best_val_precision": 0.8790366721401204,
  "best_val_recall": 0.9177142857142857,
  "best_train_acc": 0.9307988039299445,
  "final_val_loss": 0.32836929851110014,
  "final_val_acc": 0.8943320991170607,
  "final_val_f1": 0.894151212553495,
  "final_val_auroc": 0.0,
  "final_val_precision": 0.8928774928774929,
  "final_val_recall": 0.8954285714285715,
  "final_train_acc": 0.9597241715994386,
  "test_loss": 0.3096552221677298,
  "test_acc": 0.8767084282460137,
  "test_f1": 0.8773023519410598,
  "test_auroc": 0.0,
  "test_precision": 0.8706411698537683,
  "test_recall": 0.8840662478583666,
  "test_cat_acc": 0.8693923906871096,
  "test_dog_acc": 0.8840662478583666,
  "gap_train_val_acc_best": 0.03475778997380663,
  "gap_train_val_acc_final": 0.06539207248237788,
  "forward_ms_batch1": 8.874983596615493,
  "cuda_peak_mem_mb": 3116.483072
}