{
  "arch": "efficientnet_b0",
  "activation": "hybrid_0.5",
  "seed": 127,
  "epochs_ran": 22,
  "best_epoch": 12,
  "early_stop_patience_used": 10,
  "duration_sec": 672.22633934021,
  "mean_epoch_sec": 30.551686783278868,
  "trainable_params": 4008829,
  "lock_epoch": 2,
  "best_val_loss": 0.28075052689144464,
  "best_val_acc": 0.8772429507262888,
  "best_val_f1": 0.8745999418097178,
  "best_val_auroc": 0.0,
  "best_val_precision": 0.8909306461173682,
  "best_val_recall": 0.8588571428571429,
  "best_train_acc": 0.929151156404467,
  "final_val_loss": 0.4137778938075512,
  "final_val_acc": 0.876103674166904,
  "final_val_f1": 0.8842161298908704,
  "final_val_auroc": 0.0,
  "final_val_precision": 0.8276033881415047,
  "final_val_recall": 0.9491428571428572,
  "final_train_acc": 0.9661927137364984,
  "test_loss": 0.28324757635186093,
  "test_acc": 0.8778473804100227,
  "test_f1": 0.8751818446319465,
  "test_auroc": 0.0,
  "test_precision": 0.8920521945432978,
  "test_recall": 0.8589377498572245,
  "test_cat_acc": 0.8966496308915389,
  "test_dog_acc": 0.8589377498572245,
  "gap_train_val_acc_best": 0.05190820567817822,
  "gap_train_val_acc_final": 0.09008903956959435,
  "forward_ms_batch1": 12.862575007602572,
  "cuda_peak_mem_mb": 3116.483072
}