{
  "arch": "efficientnet_b0",
  "activation": "hybrid_0.25",
  "seed": 127,
  "epochs_ran": 20,
  "best_epoch": 10,
  "early_stop_patience_used": 10,
  "duration_sec": 624.3950591087341,
  "mean_epoch_sec": 31.216782359348144,
  "trainable_params": 4008829,
  "lock_epoch": 2,
  "best_val_loss": 0.2773369590302744,
  "best_val_acc": 0.8840786100825976,
  "best_val_f1": 0.8843421426541631,
  "best_val_auroc": 0.0,
  "best_val_precision": 0.8795929903900509,
  "best_val_recall": 0.8891428571428571,
  "best_train_acc": 0.9098675779581376,
  "final_val_loss": 0.36666546673287154,
  "final_val_acc": 0.8883508971802905,
  "final_val_f1": 0.8857808857808858,
  "final_val_auroc": 0.0,
  "final_val_precision": 0.9036860879904876,
  "final_val_recall": 0.8685714285714285,
  "final_train_acc": 0.9606395313358149,
  "test_loss": 0.3051260781722623,
  "test_acc": 0.8818337129840547,
  "test_f1": 0.8797450014488554,
  "test_auroc": 0.0,
  "test_precision": 0.8929411764705882,
  "test_recall": 0.8669331810394061,
  "test_cat_acc": 0.8966496308915389,
  "test_dog_acc": 0.8669331810394061,
  "gap_train_val_acc_best": 0.02578896787553997,
  "gap_train_val_acc_final": 0.07228863415552444,
  "forward_ms_batch1": 13.570525287650526,
  "cuda_peak_mem_mb": 3116.483072
}