{
  "arch": "efficientnet_b0",
  "activation": "hybrid_0.5",
  "seed": 37,
  "epochs_ran": 26,
  "best_epoch": 16,
  "early_stop_patience_used": 10,
  "duration_sec": 880.709977388382,
  "mean_epoch_sec": 33.87011301298089,
  "trainable_params": 4008829,
  "lock_epoch": 2,
  "best_val_loss": 0.29210840545465244,
  "best_val_acc": 0.876103674166904,
  "best_val_f1": 0.8732148061789565,
  "best_val_auroc": 0.0,
  "best_val_precision": 0.891136228435455,
  "best_val_recall": 0.856,
  "best_train_acc": 0.9404405931531091,
  "final_val_loss": 0.3607404702190523,
  "final_val_acc": 0.8823696952435204,
  "final_val_f1": 0.8818311874105864,
  "final_val_auroc": 0.0,
  "final_val_precision": 0.8830945558739255,
  "final_val_recall": 0.8805714285714286,
  "final_train_acc": 0.9725392079087081,
  "test_loss": 0.3083547534662933,
  "test_acc": 0.8695899772209568,
  "test_f1": 0.8648170011806374,
  "test_auroc": 0.0,
  "test_precision": 0.8949297495418448,
  "test_recall": 0.8366647629925756,
  "test_cat_acc": 0.902328222600795,
  "test_dog_acc": 0.8366647629925756,
  "gap_train_val_acc_best": 0.06433691898620508,
  "gap_train_val_acc_final": 0.09016951266518769,
  "forward_ms_batch1": 5.98412889521569,
  "cuda_peak_mem_mb": 3116.483072
}