{
  "arch": "efficientnet_b0",
  "activation": "hybrid_0.25",
  "seed": 59,
  "epochs_ran": 20,
  "best_epoch": 10,
  "early_stop_patience_used": 10,
  "duration_sec": 727.224622964859,
  "mean_epoch_sec": 36.357437219726854,
  "trainable_params": 4008829,
  "lock_epoch": 2,
  "best_val_loss": 0.270846553611572,
  "best_val_acc": 0.8829393335232127,
  "best_val_f1": 0.8798596901490793,
  "best_val_auroc": 0.0,
  "best_val_precision": 0.9006582884500299,
  "best_val_recall": 0.86,
  "best_train_acc": 0.914749496552145,
  "final_val_loss": 0.36279858926343495,
  "final_val_acc": 0.8872116206209057,
  "final_val_f1": 0.8895089285714286,
  "final_val_auroc": 0.0,
  "final_val_precision": 0.8691384950926936,
  "final_val_recall": 0.9108571428571428,
  "final_train_acc": 0.9569780923903094,
  "test_loss": 0.29133860091413616,
  "test_acc": 0.8821184510250569,
  "test_f1": 0.8772969768820391,
  "test_auroc": 0.0,
  "test_precision": 0.9118915588416513,
  "test_recall": 0.845231296402056,
  "test_cat_acc": 0.9187961385576378,
  "test_dog_acc": 0.845231296402056,
  "gap_train_val_acc_best": 0.03181016302893225,
  "gap_train_val_acc_final": 0.06976647176940365,
  "forward_ms_batch1": 12.2940210159868,
  "cuda_peak_mem_mb": 3116.483072
}