{
  "arch": "efficientnet_b0",
  "activation": "prelu",
  "seed": 11,
  "epochs_ran": 22,
  "best_epoch": 12,
  "early_stop_patience_used": 10,
  "duration_sec": 874.2548384666443,
  "mean_epoch_sec": 39.73472402106166,
  "trainable_params": 4008878,
  "lock_epoch": 2,
  "best_val_loss": 0.27157058025469166,
  "best_val_acc": 0.881800056963828,
  "best_val_f1": 0.8796054540179867,
  "best_val_auroc": 0.0,
  "best_val_precision": 0.8933411903358869,
  "best_val_recall": 0.8662857142857143,
  "best_train_acc": 0.9192652712516018,
  "final_val_loss": 0.3063462723764861,
  "final_val_acc": 0.8911990885787525,
  "final_val_f1": 0.8891468369123622,
  "final_val_auroc": 0.0,
  "final_val_precision": 0.9033018867924528,
  "final_val_recall": 0.8754285714285714,
  "final_train_acc": 0.9543540611460304,
  "test_loss": 0.2704444939699151,
  "test_acc": 0.8909453302961275,
  "test_f1": 0.8890819577179264,
  "test_auroc": 0.0,
  "test_precision": 0.9018801410105758,
  "test_recall": 0.8766419189034838,
  "test_cat_acc": 0.9051675184554231,
  "test_dog_acc": 0.8766419189034838,
  "gap_train_val_acc_best": 0.03746521428777383,
  "gap_train_val_acc_final": 0.06315497256727787,
  "forward_ms_batch1": 1.9002708839252591,
  "cuda_peak_mem_mb": 3116.483072
}