{
  "arch": "efficientnet_b0",
  "activation": "hybrid_0.5",
  "seed": 59,
  "epochs_ran": 29,
  "best_epoch": 19,
  "early_stop_patience_used": 10,
  "duration_sec": 1014.0284578800201,
  "mean_epoch_sec": 34.96360776725964,
  "trainable_params": 4008829,
  "lock_epoch": 2,
  "best_val_loss": 0.2777185216482397,
  "best_val_acc": 0.8934776416975221,
  "best_val_f1": 0.8896755162241888,
  "best_val_auroc": 0.0,
  "best_val_precision": 0.9195121951219513,
  "best_val_recall": 0.8617142857142858,
  "best_train_acc": 0.9624092268261427,
  "final_val_loss": 0.28156536304010216,
  "final_val_acc": 0.8943320991170607,
  "final_val_f1": 0.8939090649127823,
  "final_val_auroc": 0.0,
  "final_val_precision": 0.8946765884373211,
  "final_val_recall": 0.8931428571428571,
  "final_train_acc": 0.9774821504851406,
  "test_loss": 0.3049910815946062,
  "test_acc": 0.8861047835990888,
  "test_f1": 0.8812351543942993,
  "test_auroc": 0.0,
  "test_precision": 0.9177489177489178,
  "test_recall": 0.8475157053112508,
  "test_cat_acc": 0.9244747302668939,
  "test_dog_acc": 0.8475157053112508,
  "gap_train_val_acc_best": 0.06893158512862063,
  "gap_train_val_acc_final": 0.08315005136807996,
  "forward_ms_batch1": 11.462978506460786,
  "cuda_peak_mem_mb": 3116.483072
}