{
  "arch": "efficientnet_b0",
  "activation": "tgelu3",
  "seed": 11,
  "epochs_ran": 22,
  "best_epoch": 12,
  "early_stop_patience_used": 10,
  "duration_sec": 872.4142873287201,
  "mean_epoch_sec": 39.65272945720194,
  "trainable_params": 4008829,
  "lock_epoch": 2,
  "best_val_loss": 0.29037351323155314,
  "best_val_acc": 0.88464824836229,
  "best_val_f1": 0.8866498740554156,
  "best_val_auroc": 0.0,
  "best_val_precision": 0.8688974218321448,
  "best_val_recall": 0.9051428571428571,
  "best_train_acc": 0.9187160554097761,
  "final_val_loss": 0.3001708528682127,
  "final_val_acc": 0.8926231842779835,
  "final_val_f1": 0.8937728937728938,
  "final_val_auroc": 0.0,
  "final_val_precision": 0.8816008893829905,
  "final_val_recall": 0.9062857142857143,
  "final_train_acc": 0.9423323366082871,
  "test_loss": 0.2953585829577305,
  "test_acc": 0.8798405466970387,
  "test_f1": 0.8799089356858281,
  "test_auroc": 0.0,
  "test_precision": 0.8769143505388542,
  "test_recall": 0.8829240434037693,
  "test_cat_acc": 0.8767745599091425,
  "test_dog_acc": 0.8829240434037693,
  "gap_train_val_acc_best": 0.03406780704748613,
  "gap_train_val_acc_final": 0.049709152330303596,
  "forward_ms_batch1": 6.501177814789116,
  "cuda_peak_mem_mb": 2089.990656
}