{
  "arch": "efficientnet_b0",
  "activation": "mish",
  "seed": 37,
  "epochs_ran": 21,
  "best_epoch": 11,
  "early_stop_patience_used": 10,
  "duration_sec": 859.2451422214508,
  "mean_epoch_sec": 40.906985786787814,
  "trainable_params": 4008829,
  "lock_epoch": 2,
  "best_val_loss": 0.25541868678136825,
  "best_val_acc": 0.8946169182569068,
  "best_val_f1": 0.8945267958950968,
  "best_val_auroc": 0.0,
  "best_val_precision": 0.8924914675767918,
  "best_val_recall": 0.8965714285714286,
  "best_train_acc": 0.9243912857753097,
  "final_val_loss": 0.35273192722612434,
  "final_val_acc": 0.8880660780404444,
  "final_val_f1": 0.8934092758340114,
  "final_val_auroc": 0.0,
  "final_val_precision": 0.8502839442436758,
  "final_val_recall": 0.9411428571428572,
  "final_train_acc": 0.9680234332092512,
  "test_loss": 0.27188964096451673,
  "test_acc": 0.8895216400911162,
  "test_f1": 0.8884416331224841,
  "test_auroc": 0.0,
  "test_precision": 0.8946149392009265,
  "test_recall": 0.8823529411764706,
  "test_cat_acc": 0.8966496308915389,
  "test_dog_acc": 0.8823529411764706,
  "gap_train_val_acc_best": 0.0297743675184029,
  "gap_train_val_acc_final": 0.07995735516880687,
  "forward_ms_batch1": 1.6709678806364536,
  "cuda_peak_mem_mb": 3116.483072
}