{
  "arch": "efficientnet_b0",
  "activation": "hybrid_0.5",
  "seed": 97,
  "epochs_ran": 21,
  "best_epoch": 11,
  "early_stop_patience_used": 10,
  "duration_sec": 1097.1266758441925,
  "mean_epoch_sec": 52.240516974845725,
  "trainable_params": 4008829,
  "lock_epoch": 2,
  "best_val_loss": 0.29268998279424857,
  "best_val_acc": 0.873255482768442,
  "best_val_f1": 0.8678348678348679,
  "best_val_auroc": 0.0,
  "best_val_precision": 0.9035250463821892,
  "best_val_recall": 0.8348571428571429,
  "best_train_acc": 0.9104778177823885,
  "final_val_loss": 0.3254343930560787,
  "final_val_acc": 0.8872116206209057,
  "final_val_f1": 0.8891377379619261,
  "final_val_auroc": 0.0,
  "final_val_precision": 0.8715697036223929,
  "final_val_recall": 0.9074285714285715,
  "final_train_acc": 0.9591139317751877,
  "test_loss": 0.3087282254782788,
  "test_acc": 0.8579157175398633,
  "test_f1": 0.8495628580042207,
  "test_auroc": 0.0,
  "test_precision": 0.8997445721583652,
  "test_recall": 0.8046830382638492,
  "test_cat_acc": 0.9108461101646792,
  "test_dog_acc": 0.8046830382638492,
  "gap_train_val_acc_best": 0.03722233501394645,
  "gap_train_val_acc_final": 0.07190231115428192,
  "forward_ms_batch1": 16.157041303813457,
  "cuda_peak_mem_mb": 3116.483072
}