{
  "arch": "efficientnet_b0",
  "activation": "swish",
  "seed": 37,
  "epochs_ran": 21,
  "best_epoch": 11,
  "early_stop_patience_used": 10,
  "duration_sec": 800.8609549999237,
  "mean_epoch_sec": 38.13219360834254,
  "trainable_params": 4008829,
  "lock_epoch": 3,
  "best_val_loss": 0.25324097308838206,
  "best_val_acc": 0.9003133010538308,
  "best_val_f1": 0.900737379466818,
  "best_val_auroc": 0.0,
  "best_val_precision": 0.8941441441441441,
  "best_val_recall": 0.9074285714285715,
  "best_train_acc": 0.9129187770793922,
  "final_val_loss": 0.2932262687525563,
  "final_val_acc": 0.8926231842779835,
  "final_val_f1": 0.8941902890822341,
  "final_val_auroc": 0.0,
  "final_val_precision": 0.8786541643684501,
  "final_val_recall": 0.9102857142857143,
  "final_train_acc": 0.966497833648624,
  "test_loss": 0.2817598775470447,
  "test_acc": 0.8826879271070615,
  "test_f1": 0.8816771970132108,
  "test_auroc": 0.0,
  "test_precision": 0.8867706528018486,
  "test_recall": 0.8766419189034838,
  "test_cat_acc": 0.8886996024985804,
  "test_dog_acc": 0.8766419189034838,
  "gap_train_val_acc_best": 0.01260547602556139,
  "gap_train_val_acc_final": 0.07387464937064048,
  "forward_ms_batch1": 2.5234946981072426,
  "cuda_peak_mem_mb": 3116.483072
}