{
  "arch": "efficientnet_b0",
  "activation": "hybrid_0.25",
  "seed": 97,
  "epochs_ran": 26,
  "best_epoch": 16,
  "early_stop_patience_used": 10,
  "duration_sec": 1275.6805000305176,
  "mean_epoch_sec": 49.06144008205201,
  "trainable_params": 4008829,
  "lock_epoch": 2,
  "best_val_loss": 0.29366447957992825,
  "best_val_acc": 0.8829393335232127,
  "best_val_f1": 0.8831390389536538,
  "best_val_auroc": 0.0,
  "best_val_precision": 0.8788907753254103,
  "best_val_recall": 0.8874285714285715,
  "best_train_acc": 0.9479465429913956,
  "final_val_loss": 0.39342542886903775,
  "final_val_acc": 0.8800911421247508,
  "final_val_f1": 0.8754069251257769,
  "final_val_auroc": 0.0,
  "final_val_precision": 0.9079189686924494,
  "final_val_recall": 0.8451428571428572,
  "final_train_acc": 0.9733935436626594,
  "test_loss": 0.31328595438144746,
  "test_acc": 0.8755694760820045,
  "test_f1": 0.8731494920174165,
  "test_auroc": 0.0,
  "test_precision": 0.8878394332939787,
  "test_recall": 0.8589377498572245,
  "test_cat_acc": 0.892106757524134,
  "test_dog_acc": 0.8589377498572245,
  "gap_train_val_acc_best": 0.06500720946818284,
  "gap_train_val_acc_final": 0.09330240153790859,
  "forward_ms_batch1": 21.55617990065366,
  "cuda_peak_mem_mb": 3116.483072
}