{
  "arch": "efficientnet_b0",
  "activation": "tgelu3",
  "seed": 97,
  "epochs_ran": 20,
  "best_epoch": 10,
  "early_stop_patience_used": 10,
  "duration_sec": 678.1777567863464,
  "mean_epoch_sec": 33.90543613641057,
  "trainable_params": 4008829,
  "lock_epoch": 2,
  "best_val_loss": 0.30857311934020504,
  "best_val_acc": 0.8652805468527485,
  "best_val_f1": 0.8643533123028392,
  "best_val_auroc": 0.0,
  "best_val_precision": 0.8675877950489349,
  "best_val_recall": 0.8611428571428571,
  "best_train_acc": 0.8932080307560871,
  "final_val_loss": 0.37162635595718363,
  "final_val_acc": 0.8746795784676731,
  "final_val_f1": 0.8811453268503512,
  "final_val_auroc": 0.0,
  "final_val_precision": 0.8355532786885246,
  "final_val_recall": 0.932,
  "final_train_acc": 0.9514859339720511,
  "test_loss": 0.29829159209288336,
  "test_acc": 0.869874715261959,
  "test_f1": 0.8662569505414106,
  "test_auroc": 0.0,
  "test_precision": 0.8883553421368547,
  "test_recall": 0.845231296402056,
  "test_cat_acc": 0.8943781942078365,
  "test_dog_acc": 0.845231296402056,
  "gap_train_val_acc_best": 0.027927483903338657,
  "gap_train_val_acc_final": 0.07680635550437798,
  "forward_ms_batch1": 13.565028412267566,
  "cuda_peak_mem_mb": 3116.483072
}