{
  "arch": "efficientnet_b0",
  "activation": "tgelu3",
  "seed": 71,
  "epochs_ran": 20,
  "best_epoch": 10,
  "early_stop_patience_used": 10,
  "duration_sec": 736.3097145557404,
  "mean_epoch_sec": 36.80412104105344,
  "trainable_params": 4008829,
  "lock_epoch": 2,
  "best_val_loss": 0.29335654763135094,
  "best_val_acc": 0.8778125890059812,
  "best_val_f1": 0.8748176247446746,
  "best_val_auroc": 0.0,
  "best_val_precision": 0.8938580799045915,
  "best_val_recall": 0.8565714285714285,
  "best_train_acc": 0.9053518032586807,
  "final_val_loss": 0.2967895934747108,
  "final_val_acc": 0.8917687268584449,
  "final_val_f1": 0.8937360178970917,
  "final_val_auroc": 0.0,
  "final_val_precision": 0.8751369112814896,
  "final_val_recall": 0.9131428571428571,
  "final_train_acc": 0.9542930371636053,
  "test_loss": 0.3139159527346322,
  "test_acc": 0.8675968109339408,
  "test_f1": 0.8624667258207631,
  "test_auroc": 0.0,
  "test_precision": 0.894478527607362,
  "test_recall": 0.8326670474014849,
  "test_cat_acc": 0.902328222600795,
  "test_dog_acc": 0.8326670474014849,
  "gap_train_val_acc_best": 0.02753921425269945,
  "gap_train_val_acc_final": 0.06252431030516037,
  "forward_ms_batch1": 4.949014610610902,
  "cuda_peak_mem_mb": 3116.483072
}