{
  "arch": "efficientnet_b0",
  "activation": "swish",
  "seed": 71,
  "epochs_ran": 30,
  "best_epoch": 20,
  "early_stop_patience_used": 10,
  "duration_sec": 1046.0183942317963,
  "mean_epoch_sec": 34.86517194567714,
  "trainable_params": 4008829,
  "lock_epoch": 2,
  "best_val_loss": 0.2865760519960537,
  "best_val_acc": 0.8894901737396753,
  "best_val_f1": 0.8907657657657657,
  "best_val_auroc": 0.0,
  "best_val_precision": 0.8779134295227525,
  "best_val_recall": 0.904,
  "best_train_acc": 0.9268322450723134,
  "final_val_loss": 0.3679310442061208,
  "final_val_acc": 0.8920535459982911,
  "final_val_f1": 0.892482269503546,
  "final_val_auroc": 0.0,
  "final_val_precision": 0.8861971830985915,
  "final_val_recall": 0.8988571428571429,
  "final_train_acc": 0.9760785988893635,
  "test_loss": 0.30140091879356967,
  "test_acc": 0.8872437357630979,
  "test_f1": 0.88692175899486,
  "test_auroc": 0.0,
  "test_precision": 0.88692175899486,
  "test_recall": 0.88692175899486,
  "test_cat_acc": 0.8875638841567292,
  "test_dog_acc": 0.88692175899486,
  "gap_train_val_acc_best": 0.037342071332638116,
  "gap_train_val_acc_final": 0.08402505289107243,
  "forward_ms_batch1": 2.2794532123953104,
  "cuda_peak_mem_mb": 3116.483072
}