{
  "arch": "efficientnet_b0",
  "activation": "hybrid_0.5",
  "seed": 23,
  "epochs_ran": 24,
  "best_epoch": 14,
  "early_stop_patience_used": 10,
  "duration_sec": 1161.950947523117,
  "mean_epoch_sec": 48.411489796009846,
  "trainable_params": 4008829,
  "lock_epoch": 2,
  "best_val_loss": 0.2800991967833983,
  "best_val_acc": 0.88464824836229,
  "best_val_f1": 0.8797148797148796,
  "best_val_auroc": 0.0,
  "best_val_precision": 0.9158936301793444,
  "best_val_recall": 0.8462857142857143,
  "best_train_acc": 0.9395862573991579,
  "final_val_loss": 0.3070046911634159,
  "final_val_acc": 0.8931928225576758,
  "final_val_f1": 0.890382928968138,
  "final_val_auroc": 0.0,
  "final_val_precision": 0.9114302812687014,
  "final_val_recall": 0.8702857142857143,
  "final_train_acc": 0.9731494477329591,
  "test_loss": 0.30184371202573146,
  "test_acc": 0.8772779043280182,
  "test_f1": 0.8696703961294224,
  "test_auroc": 0.0,
  "test_precision": 0.9241645244215938,
  "test_recall": 0.8212450028555112,
  "test_cat_acc": 0.9329926178307779,
  "test_dog_acc": 0.8212450028555112,
  "gap_train_val_acc_best": 0.05493800903686796,
  "gap_train_val_acc_final": 0.07995662517528324,
  "forward_ms_batch1": 19.31039309129119,
  "cuda_peak_mem_mb": 3116.483072
}