{
  "arch": "efficientnet_b0",
  "activation": "hybrid_0.25",
  "seed": 83,
  "epochs_ran": 23,
  "best_epoch": 13,
  "early_stop_patience_used": 10,
  "duration_sec": 774.1351039409637,
  "mean_epoch_sec": 33.65511957155136,
  "trainable_params": 4008829,
  "lock_epoch": 2,
  "best_val_loss": 0.267955033248118,
  "best_val_acc": 0.8835089718029051,
  "best_val_f1": 0.8808622196329742,
  "best_val_auroc": 0.0,
  "best_val_precision": 0.8983957219251337,
  "best_val_recall": 0.864,
  "best_train_acc": 0.9368401781900286,
  "final_val_loss": 0.29407410845224147,
  "final_val_acc": 0.8929080034178297,
  "final_val_f1": 0.8929994308480365,
  "final_val_auroc": 0.0,
  "final_val_precision": 0.8894557823129252,
  "final_val_recall": 0.8965714285714286,
  "final_train_acc": 0.9702813205589796,
  "test_loss": 0.3013755652654687,
  "test_acc": 0.875,
  "test_f1": 0.8696942712971207,
  "test_auroc": 0.0,
  "test_precision": 0.9054388133498146,
  "test_recall": 0.8366647629925756,
  "test_cat_acc": 0.9131175468483816,
  "test_dog_acc": 0.8366647629925756,
  "gap_train_val_acc_best": 0.05333120638712352,
  "gap_train_val_acc_final": 0.07737331714114992,
  "forward_ms_batch1": 9.040769492276013,
  "cuda_peak_mem_mb": 3116.483072
}