{
  "arch": "efficientnet_b0",
  "activation": "mish",
  "seed": 97,
  "epochs_ran": 23,
  "best_epoch": 13,
  "early_stop_patience_used": 10,
  "duration_sec": 758.516419172287,
  "mean_epoch_sec": 32.97526997775244,
  "trainable_params": 4008829,
  "lock_epoch": 2,
  "best_val_loss": 0.29905374943615876,
  "best_val_acc": 0.8749643976075192,
  "best_val_f1": 0.8764424430059105,
  "best_val_auroc": 0.0,
  "best_val_precision": 0.8635607321131448,
  "best_val_recall": 0.8897142857142857,
  "best_train_acc": 0.9316531396838957,
  "final_val_loss": 0.34515389312844913,
  "final_val_acc": 0.8860723440615209,
  "final_val_f1": 0.8821449616971127,
  "final_val_auroc": 0.0,
  "final_val_precision": 0.9105839416058394,
  "final_val_recall": 0.8554285714285714,
  "final_train_acc": 0.9616769390370415,
  "test_loss": 0.3151299404595599,
  "test_acc": 0.8681662870159453,
  "test_f1": 0.8676008006863025,
  "test_auroc": 0.0,
  "test_precision": 0.8688430698739977,
  "test_recall": 0.8663620788121074,
  "test_cat_acc": 0.8699602498580352,
  "test_dog_acc": 0.8663620788121074,
  "gap_train_val_acc_best": 0.05668874207637653,
  "gap_train_val_acc_final": 0.07560459497552063,
  "forward_ms_batch1": 1.7925326013937593,
  "cuda_peak_mem_mb": 3116.483072
}