{
  "arch": "efficientnet_b0",
  "activation": "swish",
  "seed": 59,
  "epochs_ran": 20,
  "best_epoch": 10,
  "early_stop_patience_used": 10,
  "duration_sec": 672.1236915588379,
  "mean_epoch_sec": 33.60269829465542,
  "trainable_params": 4008829,
  "lock_epoch": 2,
  "best_val_loss": 0.29505696447104074,
  "best_val_acc": 0.8746795784676731,
  "best_val_f1": 0.8720186154741129,
  "best_val_auroc": 0.0,
  "best_val_precision": 0.8880331753554502,
  "best_val_recall": 0.8565714285714285,
  "best_train_acc": 0.90821993043266,
  "final_val_loss": 0.3144487449244127,
  "final_val_acc": 0.8886357163201367,
  "final_val_f1": 0.885303608096216,
  "final_val_auroc": 0.0,
  "final_val_precision": 0.9095840867992767,
  "final_val_recall": 0.8622857142857143,
  "final_train_acc": 0.9556965887593825,
  "test_loss": 0.3105000724553519,
  "test_acc": 0.8772779043280182,
  "test_f1": 0.8730486008836523,
  "test_auroc": 0.0,
  "test_precision": 0.9014598540145985,
  "test_recall": 0.8463735008566533,
  "test_cat_acc": 0.9080068143100511,
  "test_dog_acc": 0.8463735008566533,
  "gap_train_val_acc_best": 0.03354035196498695,
  "gap_train_val_acc_final": 0.06706087243924574,
  "forward_ms_batch1": 1.7539291875436902,
  "cuda_peak_mem_mb": 3116.483072
}