{
  "arch": "efficientnet_b0",
  "activation": "hybrid_0.5",
  "seed": 47,
  "epochs_ran": 31,
  "best_epoch": 21,
  "early_stop_patience_used": 10,
  "duration_sec": 1368.0915818214417,
  "mean_epoch_sec": 44.12916608066148,
  "trainable_params": 4008829,
  "lock_epoch": 2,
  "best_val_loss": 0.28094485863020396,
  "best_val_acc": 0.8894901737396753,
  "best_val_f1": 0.8908886389201349,
  "best_val_auroc": 0.0,
  "best_val_precision": 0.8770764119601329,
  "best_val_recall": 0.9051428571428571,
  "best_train_acc": 0.9610056752303655,
  "final_val_loss": 0.3180886853780206,
  "final_val_acc": 0.9060096838507548,
  "final_val_f1": 0.906515580736544,
  "final_val_auroc": 0.0,
  "final_val_precision": 0.898876404494382,
  "final_val_recall": 0.9142857142857143,
  "final_train_acc": 0.9796179898700189,
  "test_loss": 0.28241423122024756,
  "test_acc": 0.8912300683371298,
  "test_f1": 0.8923337091319052,
  "test_auroc": 0.0,
  "test_precision": 0.8809126321647189,
  "test_recall": 0.9040548258138207,
  "test_cat_acc": 0.8784781374219194,
  "test_dog_acc": 0.9040548258138207,
  "gap_train_val_acc_best": 0.07151550149069019,
  "gap_train_val_acc_final": 0.07360830601926416,
  "forward_ms_batch1": 8.71510780416429,
  "cuda_peak_mem_mb": 3116.483072
}