{
  "arch": "efficientnet_b0",
  "activation": "prelu",
  "seed": 127,
  "epochs_ran": 21,
  "best_epoch": 11,
  "early_stop_patience_used": 10,
  "duration_sec": 583.7621831893921,
  "mean_epoch_sec": 27.794563505599008,
  "trainable_params": 4008878,
  "lock_epoch": 2,
  "best_val_loss": 0.25815260799920514,
  "best_val_acc": 0.8877812589005981,
  "best_val_f1": 0.8922319474835887,
  "best_val_auroc": 0.0,
  "best_val_precision": 0.8557187827911857,
  "best_val_recall": 0.932,
  "best_train_acc": 0.9248794776347105,
  "final_val_loss": 0.318298320515955,
  "final_val_acc": 0.8960410139561379,
  "final_val_f1": 0.8948429847306252,
  "final_val_auroc": 0.0,
  "final_val_precision": 0.9023823358512493,
  "final_val_recall": 0.8874285714285715,
  "final_train_acc": 0.9666809055958991,
  "test_loss": 0.27515502358894955,
  "test_acc": 0.8826879271070615,
  "test_f1": 0.8856825749167591,
  "test_auroc": 0.0,
  "test_precision": 0.8613059902860226,
  "test_recall": 0.9114791547687036,
  "test_cat_acc": 0.8540601930721181,
  "test_dog_acc": 0.9114791547687036,
  "gap_train_val_acc_best": 0.03709821873411234,
  "gap_train_val_acc_final": 0.07063989163976125,
  "forward_ms_batch1": 2.084269211627543,
  "cuda_peak_mem_mb": 3116.483072
}