{
  "arch": "efficientnet_b0",
  "activation": "tgelu3",
  "seed": 47,
  "epochs_ran": 23,
  "best_epoch": 13,
  "early_stop_patience_used": 10,
  "duration_sec": 845.0111658573151,
  "mean_epoch_sec": 36.73599499792022,
  "trainable_params": 4008829,
  "lock_epoch": 2,
  "best_val_loss": 0.28646288167476247,
  "best_val_acc": 0.8874964397607519,
  "best_val_f1": 0.890125173852573,
  "best_val_auroc": 0.0,
  "best_val_precision": 0.8672086720867209,
  "best_val_recall": 0.9142857142857143,
  "best_train_acc": 0.9251845975468359,
  "final_val_loss": 0.3407226231440422,
  "final_val_acc": 0.8829393335232127,
  "final_val_f1": 0.886118038237739,
  "final_val_auroc": 0.0,
  "final_val_precision": 0.8601398601398601,
  "final_val_recall": 0.9137142857142857,
  "final_train_acc": 0.9659486178067981,
  "test_loss": 0.28073159277710663,
  "test_acc": 0.8872437357630979,
  "test_f1": 0.888951205832866,
  "test_auroc": 0.0,
  "test_precision": 0.8732782369146006,
  "test_recall": 0.905197030268418,
  "test_cat_acc": 0.8693923906871096,
  "test_dog_acc": 0.905197030268418,
  "gap_train_val_acc_best": 0.03768815778608403,
  "gap_train_val_acc_final": 0.08300928428358534,
  "forward_ms_batch1": 6.058738101273775,
  "cuda_peak_mem_mb": 3116.483072
}