{
  "arch": "efficientnet_b0",
  "activation": "hybrid_0.25",
  "seed": 37,
  "epochs_ran": 20,
  "best_epoch": 10,
  "early_stop_patience_used": 10,
  "duration_sec": 707.7485654354095,
  "mean_epoch_sec": 35.3839023515,
  "trainable_params": 4008829,
  "lock_epoch": 2,
  "best_val_loss": 0.26965370753048423,
  "best_val_acc": 0.883224152663059,
  "best_val_f1": 0.8831242873432154,
  "best_val_auroc": 0.0,
  "best_val_precision": 0.8811149032992036,
  "best_val_recall": 0.8851428571428571,
  "best_train_acc": 0.9160310001830719,
  "final_val_loss": 0.34678986480147095,
  "final_val_acc": 0.8903446311592139,
  "final_val_f1": 0.8897795591182365,
  "final_val_auroc": 0.0,
  "final_val_precision": 0.891566265060241,
  "final_val_recall": 0.888,
  "final_train_acc": 0.9647281381582962,
  "test_loss": 0.29190225223745464,
  "test_acc": 0.878132118451025,
  "test_f1": 0.8764434180138568,
  "test_auroc": 0.0,
  "test_precision": 0.8861646234676007,
  "test_recall": 0.8669331810394061,
  "test_cat_acc": 0.889267461669506,
  "test_dog_acc": 0.8669331810394061,
  "gap_train_val_acc_best": 0.03280684752001295,
  "gap_train_val_acc_final": 0.07438350699908225,
  "forward_ms_batch1": 7.509926101192832,
  "cuda_peak_mem_mb": 3116.483072
}