{
  "arch": "efficientnet_b0",
  "activation": "mish",
  "seed": 47,
  "epochs_ran": 21,
  "best_epoch": 11,
  "early_stop_patience_used": 10,
  "duration_sec": 794.6770894527435,
  "mean_epoch_sec": 37.83848160907759,
  "trainable_params": 4008829,
  "lock_epoch": 2,
  "best_val_loss": 0.24884557251838904,
  "best_val_acc": 0.9028766733124466,
  "best_val_f1": 0.904775202457414,
  "best_val_auroc": 0.0,
  "best_val_precision": 0.8847624249044238,
  "best_val_recall": 0.9257142857142857,
  "best_train_acc": 0.9098675779581376,
  "final_val_loss": 0.271588203676811,
  "final_val_acc": 0.9057248647109086,
  "final_val_f1": 0.9041968162083935,
  "final_val_auroc": 0.0,
  "final_val_precision": 0.9161290322580645,
  "final_val_recall": 0.8925714285714286,
  "final_train_acc": 0.9666198816134741,
  "test_loss": 0.2807195822714673,
  "test_acc": 0.8806947608200456,
  "test_f1": 0.8809997159897757,
  "test_auroc": 0.0,
  "test_precision": 0.8762711864406779,
  "test_recall": 0.8857795545402627,
  "test_cat_acc": 0.8756388415672913,
  "test_dog_acc": 0.8857795545402627,
  "gap_train_val_acc_best": 0.006990904645690965,
  "gap_train_val_acc_final": 0.06089501690256549,
  "forward_ms_batch1": 1.736494293436408,
  "cuda_peak_mem_mb": 3116.483072
}