{
  "arch": "efficientnet_b0",
  "activation": "hybrid_0.25",
  "seed": 23,
  "epochs_ran": 20,
  "best_epoch": 9,
  "early_stop_patience_used": 10,
  "duration_sec": 995.3477048873901,
  "mean_epoch_sec": 49.764351381419694,
  "trainable_params": 4008829,
  "lock_epoch": 2,
  "best_val_loss": 0.27107976300191483,
  "best_val_acc": 0.8837937909427513,
  "best_val_f1": 0.8857142857142858,
  "best_val_auroc": 0.0,
  "best_val_precision": 0.8686813186813187,
  "best_val_recall": 0.9034285714285715,
  "best_train_acc": 0.9066943308720327,
  "final_val_loss": 0.32002458486486385,
  "final_val_acc": 0.8937624608373683,
  "final_val_f1": 0.8944240022643645,
  "final_val_auroc": 0.0,
  "final_val_precision": 0.8861469433538979,
  "final_val_recall": 0.9028571428571428,
  "final_train_acc": 0.9675962653322756,
  "test_loss": 0.2847855673564051,
  "test_acc": 0.8821184510250569,
  "test_f1": 0.8821184510250569,
  "test_auroc": 0.0,
  "test_precision": 0.8796138557637706,
  "test_recall": 0.8846373500856654,
  "test_cat_acc": 0.8796138557637706,
  "test_dog_acc": 0.8846373500856654,
  "gap_train_val_acc_best": 0.022900539929281316,
  "gap_train_val_acc_final": 0.07383380449490728,
  "forward_ms_batch1": 71.0473818005994,
  "cuda_peak_mem_mb": 3116.483072
}