{
  "arch": "efficientnet_b0",
  "activation": "hybrid_0.25",
  "seed": 137,
  "epochs_ran": 26,
  "best_epoch": 16,
  "early_stop_patience_used": 10,
  "duration_sec": 656.1476337909698,
  "mean_epoch_sec": 25.23323574294157,
  "trainable_params": 4008829,
  "lock_epoch": 2,
  "best_val_loss": 0.2850965856741854,
  "best_val_acc": 0.8903446311592139,
  "best_val_f1": 0.8902195608782435,
  "best_val_auroc": 0.0,
  "best_val_precision": 0.8884462151394422,
  "best_val_recall": 0.892,
  "best_train_acc": 0.9524012937084274,
  "final_val_loss": 0.3491194762503853,
  "final_val_acc": 0.8860723440615209,
  "final_val_f1": 0.8844598497978049,
  "final_val_auroc": 0.0,
  "final_val_precision": 0.8942757009345794,
  "final_val_recall": 0.8748571428571429,
  "final_train_acc": 0.9709525843656557,
  "test_loss": 0.2957637434260992,
  "test_acc": 0.8889521640091116,
  "test_f1": 0.8875432525951558,
  "test_auroc": 0.0,
  "test_precision": 0.8963308095515434,
  "test_recall": 0.8789263278126784,
  "test_cat_acc": 0.8989210675752414,
  "test_dog_acc": 0.8789263278126784,
  "gap_train_val_acc_best": 0.06205666254921349,
  "gap_train_val_acc_final": 0.08488024030413477,
  "forward_ms_batch1": 10.605520801618695,
  "cuda_peak_mem_mb": 3116.483072
}