{
  "arch": "efficientnet_b0",
  "activation": "prelu",
  "seed": 47,
  "epochs_ran": 24,
  "best_epoch": 14,
  "early_stop_patience_used": 10,
  "duration_sec": 845.696307182312,
  "mean_epoch_sec": 35.23357562005791,
  "trainable_params": 4008878,
  "lock_epoch": 2,
  "best_val_loss": 0.23251449530856694,
  "best_val_acc": 0.9082882369695243,
  "best_val_f1": 0.909652076318743,
  "best_val_auroc": 0.0,
  "best_val_precision": 0.8936052921719956,
  "best_val_recall": 0.9262857142857143,
  "best_train_acc": 0.9472752791847195,
  "final_val_loss": 0.26345939888417025,
  "final_val_acc": 0.9080034178296782,
  "final_val_f1": 0.9086280056577087,
  "final_val_auroc": 0.0,
  "final_val_precision": 0.8997198879551821,
  "final_val_recall": 0.9177142857142857,
  "final_train_acc": 0.9711966802953561,
  "test_loss": 0.25174144385615893,
  "test_acc": 0.9031890660592256,
  "test_f1": 0.9034090909090908,
  "test_auroc": 0.0,
  "test_precision": 0.8988128886376484,
  "test_recall": 0.9080525414049114,
  "test_cat_acc": 0.8983532084043158,
  "test_dog_acc": 0.9080525414049114,
  "gap_train_val_acc_best": 0.03898704221519522,
  "gap_train_val_acc_final": 0.06319326246567791,
  "forward_ms_batch1": 2.0195920020341873,
  "cuda_peak_mem_mb": 3116.483072
}