{
  "arch": "efficientnet_b0",
  "activation": "hybrid_0.5",
  "seed": 71,
  "epochs_ran": 26,
  "best_epoch": 16,
  "early_stop_patience_used": 10,
  "duration_sec": 1159.2877449989319,
  "mean_epoch_sec": 44.58430696787456,
  "trainable_params": 4008829,
  "lock_epoch": 2,
  "best_val_loss": 0.28533318137569125,
  "best_val_acc": 0.89062945029906,
  "best_val_f1": 0.8929168990518683,
  "best_val_auroc": 0.0,
  "best_val_precision": 0.8720043572984749,
  "best_val_recall": 0.9148571428571428,
  "best_train_acc": 0.9405626411179594,
  "final_val_loss": 0.3278043514827961,
  "final_val_acc": 0.8829393335232127,
  "final_val_f1": 0.876390977443609,
  "final_val_auroc": 0.0,
  "final_val_precision": 0.9250793650793651,
  "final_val_recall": 0.8325714285714285,
  "final_train_acc": 0.9712577042777811,
  "test_loss": 0.31339198965282267,
  "test_acc": 0.8804100227790432,
  "test_f1": 0.8813559322033898,
  "test_auroc": 0.0,
  "test_precision": 0.8719955282280604,
  "test_recall": 0.8909194745859509,
  "test_cat_acc": 0.8699602498580352,
  "test_dog_acc": 0.8909194745859509,
  "gap_train_val_acc_best": 0.04993319081889935,
  "gap_train_val_acc_final": 0.08831837075456839,
  "forward_ms_batch1": 13.800293300300837,
  "cuda_peak_mem_mb": 3116.483072
}