{
  "arch": "efficientnet_b0",
  "activation": "swish",
  "seed": 127,
  "epochs_ran": 22,
  "best_epoch": 12,
  "early_stop_patience_used": 10,
  "duration_sec": 695.8421142101288,
  "mean_epoch_sec": 31.625199807426807,
  "trainable_params": 4008829,
  "lock_epoch": 2,
  "best_val_loss": 0.3043725732910229,
  "best_val_acc": 0.8704072913699801,
  "best_val_f1": 0.8699628465275793,
  "best_val_auroc": 0.0,
  "best_val_precision": 0.8702115494568324,
  "best_val_recall": 0.8697142857142857,
  "best_train_acc": 0.9198144870934277,
  "final_val_loss": 0.34643527540521246,
  "final_val_acc": 0.8786670464255198,
  "final_val_f1": 0.8839237057220709,
  "final_val_auroc": 0.0,
  "final_val_precision": 0.8447916666666667,
  "final_val_recall": 0.9268571428571428,
  "final_train_acc": 0.9638127784219198,
  "test_loss": 0.3050151465286698,
  "test_acc": 0.8752847380410023,
  "test_f1": 0.8728222996515679,
  "test_auroc": 0.0,
  "test_precision": 0.8877731836975783,
  "test_recall": 0.8583666476299258,
  "test_cat_acc": 0.892106757524134,
  "test_dog_acc": 0.8583666476299258,
  "gap_train_val_acc_best": 0.04940719572344765,
  "gap_train_val_acc_final": 0.08514573199639996,
  "forward_ms_batch1": 2.338646980933845,
  "cuda_peak_mem_mb": 3116.483072
}