{
  "arch": "efficientnet_b0",
  "activation": "hybrid_0.5",
  "seed": 137,
  "epochs_ran": 33,
  "best_epoch": 23,
  "early_stop_patience_used": 10,
  "duration_sec": 1097.042180299759,
  "mean_epoch_sec": 33.24106859218216,
  "trainable_params": 4008829,
  "lock_epoch": 3,
  "best_val_loss": 0.2892212716306047,
  "best_val_acc": 0.8917687268584449,
  "best_val_f1": 0.892106757524134,
  "best_val_auroc": 0.0,
  "best_val_precision": 0.886568848758465,
  "best_val_recall": 0.8977142857142857,
  "best_train_acc": 0.9461158235186429,
  "final_val_loss": 0.35703088211150835,
  "final_val_acc": 0.8943320991170607,
  "final_val_f1": 0.8914887393974847,
  "final_val_auroc": 0.0,
  "final_val_precision": 0.9131216297183943,
  "final_val_recall": 0.8708571428571429,
  "final_train_acc": 0.9751632391529871,
  "test_loss": 0.3067192916582277,
  "test_acc": 0.8843963553530751,
  "test_f1": 0.8834003446295231,
  "test_auroc": 0.0,
  "test_precision": 0.8885037550548815,
  "test_recall": 0.8783552255853798,
  "test_cat_acc": 0.8904031800113572,
  "test_dog_acc": 0.8783552255853798,
  "gap_train_val_acc_best": 0.05434709666019799,
  "gap_train_val_acc_final": 0.0808311400359264,
  "forward_ms_batch1": 11.090670991688967,
  "cuda_peak_mem_mb": 3116.483072
}