{
  "arch": "efficientnet_b0",
  "activation": "mish",
  "seed": 137,
  "epochs_ran": 24,
  "best_epoch": 14,
  "early_stop_patience_used": 10,
  "duration_sec": 512.9222540855408,
  "mean_epoch_sec": 21.368334397149738,
  "trainable_params": 4008829,
  "lock_epoch": 2,
  "best_val_loss": 0.28357384142305936,
  "best_val_acc": 0.8886357163201367,
  "best_val_f1": 0.8909952606635071,
  "best_val_auroc": 0.0,
  "best_val_precision": 0.869896570495373,
  "best_val_recall": 0.9131428571428571,
  "best_train_acc": 0.938304753768231,
  "final_val_loss": 0.35066853313805224,
  "final_val_acc": 0.8966106522358303,
  "final_val_f1": 0.8996405861210948,
  "final_val_auroc": 0.0,
  "final_val_precision": 0.8714515265131226,
  "final_val_recall": 0.9297142857142857,
  "final_train_acc": 0.9729053518032587,
  "test_loss": 0.297862081837274,
  "test_acc": 0.8846810933940774,
  "test_f1": 0.8864592094196804,
  "test_auroc": 0.0,
  "test_precision": 0.8705947136563876,
  "test_recall": 0.9029126213592233,
  "test_cat_acc": 0.8665530948324816,
  "test_dog_acc": 0.9029126213592233,
  "gap_train_val_acc_best": 0.049669037448094255,
  "gap_train_val_acc_final": 0.0762946995674284,
  "forward_ms_batch1": 1.9567174836993217,
  "cuda_peak_mem_mb": 3116.483072
}