{
  "arch": "efficientnet_b0",
  "activation": "prelu",
  "seed": 97,
  "epochs_ran": 28,
  "best_epoch": 18,
  "early_stop_patience_used": 10,
  "duration_sec": 872.4356589317322,
  "mean_epoch_sec": 31.155623472844518,
  "trainable_params": 4008878,
  "lock_epoch": 2,
  "best_val_loss": 0.24754330722975343,
  "best_val_acc": 0.9037311307319852,
  "best_val_f1": 0.9042492917847026,
  "best_val_auroc": 0.0,
  "best_val_precision": 0.8966292134831461,
  "best_val_recall": 0.912,
  "best_train_acc": 0.9575273082321353,
  "final_val_loss": 0.29381837704113084,
  "final_val_acc": 0.8994588436342922,
  "final_val_f1": 0.8977108084613156,
  "final_val_auroc": 0.0,
  "final_val_precision": 0.9106407995296885,
  "final_val_recall": 0.8851428571428571,
  "final_train_acc": 0.9748581192408616,
  "test_loss": 0.24594226598332303,
  "test_acc": 0.9031890660592256,
  "test_f1": 0.9016203703703705,
  "test_auroc": 0.0,
  "test_precision": 0.9137829912023461,
  "test_recall": 0.8897772701313535,
  "test_cat_acc": 0.9165247018739353,
  "test_dog_acc": 0.8897772701313535,
  "gap_train_val_acc_best": 0.05379617750015009,
  "gap_train_val_acc_final": 0.07539927560656945,
  "forward_ms_batch1": 2.278788900002837,
  "cuda_peak_mem_mb": 3116.483072
}