{
  "arch": "efficientnet_b0",
  "activation": "hybrid_0.5",
  "seed": 11,
  "epochs_ran": 23,
  "best_epoch": 13,
  "early_stop_patience_used": 10,
  "duration_sec": 958.497889995575,
  "mean_epoch_sec": 41.67076986735565,
  "trainable_params": 4008829,
  "lock_epoch": 3,
  "best_val_loss": 0.2800770475590409,
  "best_val_acc": 0.878951865565366,
  "best_val_f1": 0.8773448773448774,
  "best_val_auroc": 0.0,
  "best_val_precision": 0.8862973760932945,
  "best_val_recall": 0.8685714285714285,
  "best_train_acc": 0.924574357722585,
  "final_val_loss": 0.3258219873020704,
  "final_val_acc": 0.8880660780404444,
  "final_val_f1": 0.8858553586988092,
  "final_val_auroc": 0.0,
  "final_val_precision": 0.9007678676904902,
  "final_val_recall": 0.8714285714285714,
  "final_train_acc": 0.9686946970159273,
  "test_loss": 0.28538879541709916,
  "test_acc": 0.876993166287016,
  "test_f1": 0.8739789964994167,
  "test_auroc": 0.0,
  "test_precision": 0.8932617769827073,
  "test_recall": 0.8555111364934324,
  "test_cat_acc": 0.8983532084043158,
  "test_dog_acc": 0.8555111364934324,
  "gap_train_val_acc_best": 0.04562249215721903,
  "gap_train_val_acc_final": 0.0806286189754829,
  "forward_ms_batch1": 12.381893815472722,
  "cuda_peak_mem_mb": 3116.483072
}