{
  "arch": "efficientnet_b0",
  "activation": "hybrid_0.25",
  "seed": 47,
  "epochs_ran": 23,
  "best_epoch": 13,
  "early_stop_patience_used": 10,
  "duration_sec": 960.412832736969,
  "mean_epoch_sec": 41.753277385678224,
  "trainable_params": 4008829,
  "lock_epoch": 2,
  "best_val_loss": 0.2770997463131063,
  "best_val_acc": 0.8869268014810595,
  "best_val_f1": 0.8910238814164151,
  "best_val_auroc": 0.0,
  "best_val_precision": 0.8573692551505546,
  "best_val_recall": 0.9274285714285714,
  "best_train_acc": 0.9365960822603283,
  "final_val_loss": 0.34027032143741687,
  "final_val_acc": 0.896325833095984,
  "final_val_f1": 0.8960000000000001,
  "final_val_auroc": 0.0,
  "final_val_precision": 0.896,
  "final_val_recall": 0.896,
  "final_train_acc": 0.9603954354061146,
  "test_loss": 0.29351272826042696,
  "test_acc": 0.8843963553530751,
  "test_f1": 0.8873473917869035,
  "test_auroc": 0.0,
  "test_precision": 0.8629249865083648,
  "test_recall": 0.9131924614505996,
  "test_cat_acc": 0.855763770584895,
  "test_dog_acc": 0.9131924614505996,
  "gap_train_val_acc_best": 0.0496692807792688,
  "gap_train_val_acc_final": 0.06406960231013059,
  "forward_ms_batch1": 49.080772092565894,
  "cuda_peak_mem_mb": 3116.483072
}