{
  "arch": "efficientnet_b0",
  "activation": "swish",
  "seed": 47,
  "epochs_ran": 21,
  "best_epoch": 11,
  "early_stop_patience_used": 10,
  "duration_sec": 754.233836889267,
  "mean_epoch_sec": 35.91295562153461,
  "trainable_params": 4008829,
  "lock_epoch": 2,
  "best_val_loss": 0.27667281457932036,
  "best_val_acc": 0.88464824836229,
  "best_val_f1": 0.8880906327714838,
  "best_val_auroc": 0.0,
  "best_val_precision": 0.8598180845371857,
  "best_val_recall": 0.9182857142857143,
  "best_train_acc": 0.9163971440776225,
  "final_val_loss": 0.3193241361898936,
  "final_val_acc": 0.8877812589005981,
  "final_val_f1": 0.8872997711670481,
  "final_val_auroc": 0.0,
  "final_val_precision": 0.8883161512027491,
  "final_val_recall": 0.8862857142857142,
  "final_train_acc": 0.9653383779825472,
  "test_loss": 0.28459618748048987,
  "test_acc": 0.8752847380410023,
  "test_f1": 0.8783333333333334,
  "test_auroc": 0.0,
  "test_precision": 0.8550567874526771,
  "test_recall": 0.9029126213592233,
  "test_cat_acc": 0.8478137421919364,
  "test_dog_acc": 0.9029126213592233,
  "gap_train_val_acc_best": 0.03174889571533257,
  "gap_train_val_acc_final": 0.07755711908194907,
  "forward_ms_batch1": 1.7466386081650853,
  "cuda_peak_mem_mb": 3116.483072
}