{
  "arch": "efficientnet_b0",
  "activation": "swish",
  "seed": 83,
  "epochs_ran": 24,
  "best_epoch": 14,
  "early_stop_patience_used": 10,
  "duration_sec": 878.3267953395844,
  "mean_epoch_sec": 36.59366363641069,
  "trainable_params": 4008829,
  "lock_epoch": 3,
  "best_val_loss": 0.2700894887980081,
  "best_val_acc": 0.8974651096553689,
  "best_val_f1": 0.8952270081490106,
  "best_val_auroc": 0.0,
  "best_val_precision": 0.9122182680901542,
  "best_val_recall": 0.8788571428571429,
  "best_train_acc": 0.9354366265942515,
  "final_val_loss": 0.2760873293645767,
  "final_val_acc": 0.8929080034178297,
  "final_val_f1": 0.8927552766685681,
  "final_val_auroc": 0.0,
  "final_val_precision": 0.8912300683371298,
  "final_val_recall": 0.8942857142857142,
  "final_train_acc": 0.9699762006468542,
  "test_loss": 0.30315673931720316,
  "test_acc": 0.8764236902050114,
  "test_f1": 0.8729508196721312,
  "test_auroc": 0.0,
  "test_precision": 0.8954954954954955,
  "test_recall": 0.8515134209023415,
  "test_cat_acc": 0.9011925042589438,
  "test_dog_acc": 0.8515134209023415,
  "gap_train_val_acc_best": 0.03797151693888268,
  "gap_train_val_acc_final": 0.07706819722902447,
  "forward_ms_batch1": 1.7754598055034876,
  "cuda_peak_mem_mb": 3116.483072
}