{
  "arch": "efficientnet_b0",
  "activation": "swish",
  "seed": 23,
  "epochs_ran": 23,
  "best_epoch": 13,
  "early_stop_patience_used": 10,
  "duration_sec": 865.6369938850403,
  "mean_epoch_sec": 37.632841898381464,
  "trainable_params": 4008829,
  "lock_epoch": 3,
  "best_val_loss": 0.27927842150553445,
  "best_val_acc": 0.88464824836229,
  "best_val_f1": 0.8853665440135862,
  "best_val_auroc": 0.0,
  "best_val_precision": 0.8771733034212003,
  "best_val_recall": 0.8937142857142857,
  "best_train_acc": 0.9223774943552816,
  "final_val_loss": 0.360574636835954,
  "final_val_acc": 0.9000284819139847,
  "final_val_f1": 0.9009314140558847,
  "final_val_auroc": 0.0,
  "final_val_precision": 0.8901282766313441,
  "final_val_recall": 0.912,
  "final_train_acc": 0.9702813205589796,
  "test_loss": 0.2758606803987455,
  "test_acc": 0.8872437357630979,
  "test_f1": 0.8865979381443299,
  "test_auroc": 0.0,
  "test_precision": 0.8891441700172314,
  "test_recall": 0.8840662478583666,
  "test_cat_acc": 0.8904031800113572,
  "test_dog_acc": 0.8840662478583666,
  "gap_train_val_acc_best": 0.037729245992991656,
  "gap_train_val_acc_final": 0.07025283864499499,
  "forward_ms_batch1": 1.7124460078775883,
  "cuda_peak_mem_mb": 3116.483072
}