{
  "arch": "efficientnet_b0",
  "activation": "tgelu3",
  "seed": 83,
  "epochs_ran": 23,
  "best_epoch": 13,
  "early_stop_patience_used": 10,
  "duration_sec": 857.3520174026489,
  "mean_epoch_sec": 37.27253494802458,
  "trainable_params": 4008829,
  "lock_epoch": 2,
  "best_val_loss": 0.2872881196954929,
  "best_val_acc": 0.8783822272856736,
  "best_val_f1": 0.8769806972054162,
  "best_val_auroc": 0.0,
  "best_val_precision": 0.8843695525857059,
  "best_val_recall": 0.8697142857142857,
  "best_train_acc": 0.9267712210898883,
  "final_val_loss": 0.29193726184106017,
  "final_val_acc": 0.8977499287952151,
  "final_val_f1": 0.899972137085539,
  "final_val_auroc": 0.0,
  "final_val_precision": 0.878194671016857,
  "final_val_recall": 0.9228571428571428,
  "final_train_acc": 0.966497833648624,
  "test_loss": 0.28200952854677863,
  "test_acc": 0.8843963553530751,
  "test_f1": 0.8826589595375723,
  "test_auroc": 0.0,
  "test_precision": 0.8935049736688122,
  "test_recall": 0.8720731010850943,
  "test_cat_acc": 0.8966496308915389,
  "test_dog_acc": 0.8720731010850943,
  "gap_train_val_acc_best": 0.048388993804214686,
  "gap_train_val_acc_final": 0.06874790485340887,
  "forward_ms_batch1": 5.704451398923993,
  "cuda_peak_mem_mb": 3116.483072
}