{
  "arch": "efficientnet_b0",
  "activation": "mish",
  "seed": 23,
  "epochs_ran": 24,
  "best_epoch": 14,
  "early_stop_patience_used": 10,
  "duration_sec": 970.4253354072571,
  "mean_epoch_sec": 40.43152041287976,
  "trainable_params": 4008829,
  "lock_epoch": 3,
  "best_val_loss": 0.2703285610292142,
  "best_val_acc": 0.8914839077185986,
  "best_val_f1": 0.8872447469665581,
  "best_val_auroc": 0.0,
  "best_val_precision": 0.9201964395334561,
  "best_val_recall": 0.8565714285714285,
  "best_train_acc": 0.9428815524501128,
  "final_val_loss": 0.3358424760377906,
  "final_val_acc": 0.88464824836229,
  "final_val_f1": 0.8806366047745358,
  "final_val_auroc": 0.0,
  "final_val_precision": 0.9093122337188071,
  "final_val_recall": 0.8537142857142858,
  "final_train_acc": 0.9746140233111613,
  "test_loss": 0.3039567120593881,
  "test_acc": 0.8798405466970387,
  "test_f1": 0.8744047619047618,
  "test_auroc": 0.0,
  "test_precision": 0.9129894344313239,
  "test_recall": 0.8389491719017704,
  "test_cat_acc": 0.9204997160704146,
  "test_dog_acc": 0.8389491719017704,
  "gap_train_val_acc_best": 0.0513976447315142,
  "gap_train_val_acc_final": 0.08996577494887137,
  "forward_ms_batch1": 1.820982713252306,
  "cuda_peak_mem_mb": 3116.483072
}