{
  "arch": "efficientnet_b0",
  "activation": "swish",
  "seed": 97,
  "epochs_ran": 23,
  "best_epoch": 13,
  "early_stop_patience_used": 10,
  "duration_sec": 710.1597583293915,
  "mean_epoch_sec": 30.873125032228216,
  "trainable_params": 4008829,
  "lock_epoch": 2,
  "best_val_loss": 0.2847645954761842,
  "best_val_acc": 0.8843634292224437,
  "best_val_f1": 0.8855693348365276,
  "best_val_auroc": 0.0,
  "best_val_precision": 0.8737486095661846,
  "best_val_recall": 0.8977142857142857,
  "best_train_acc": 0.9232928540916581,
  "final_val_loss": 0.3511614312442474,
  "final_val_acc": 0.8726858444887496,
  "final_val_f1": 0.8667660208643816,
  "final_val_auroc": 0.0,
  "final_val_precision": 0.9059190031152647,
  "final_val_recall": 0.8308571428571428,
  "final_train_acc": 0.9474583511319948,
  "test_loss": 0.3033055661751089,
  "test_acc": 0.8806947608200456,
  "test_f1": 0.8797014068331898,
  "test_auroc": 0.0,
  "test_precision": 0.8845265588914549,
  "test_recall": 0.8749286122215877,
  "test_cat_acc": 0.8864281658148779,
  "test_dog_acc": 0.8749286122215877,
  "gap_train_val_acc_best": 0.03892942486921436,
  "gap_train_val_acc_final": 0.0747725066432452,
  "forward_ms_batch1": 2.066462207585573,
  "cuda_peak_mem_mb": 3116.483072
}