{
  "arch": "vit",
  "activation": "hybrid_0.5",
  "seed": 137,
  "epochs_ran": 51,
  "best_epoch": 41,
  "early_stop_patience_used": 10,
  "duration_sec": 1583.4692876338959,
  "mean_epoch_sec": 31.04790142147948,
  "trainable_params": 1940353,
  "lock_epoch": 91,
  "best_val_loss": 0.5493094062947779,
  "best_val_acc": 0.727712902307035,
  "best_val_f1": 0.71849234393404,
  "best_val_auroc": 0.0,
  "best_val_precision": 0.741190765492102,
  "best_val_recall": 0.6971428571428572,
  "best_train_acc": 0.7187404650027461,
  "final_val_loss": 0.5789663471563764,
  "final_val_acc": 0.727712902307035,
  "final_val_f1": 0.7334076965978806,
  "final_val_auroc": 0.0,
  "final_val_precision": 0.7162309368191722,
  "final_val_recall": 0.7514285714285714,
  "final_train_acc": 0.7363153719411729,
  "test_loss": 0.5541349978680491,
  "test_acc": 0.7124145785876993,
  "test_f1": 0.6977857570317175,
  "test_auroc": 0.0,
  "test_precision": 0.732872407291012,
  "test_recall": 0.6659051970302684,
  "test_cat_acc": 0.7586598523566156,
  "test_dog_acc": 0.6659051970302684,
  "gap_train_val_acc_best": -0.008972437304288872,
  "gap_train_val_acc_final": 0.00860246963413791,
  "forward_ms_batch1": 4.939761199057102,
  "cuda_peak_mem_mb": 427.789824
}