{
  "arch": "vit",
  "activation": "swish",
  "seed": 71,
  "epochs_ran": 74,
  "best_epoch": 64,
  "early_stop_patience_used": 10,
  "duration_sec": 1482.1222476959229,
  "mean_epoch_sec": 20.028224599346316,
  "trainable_params": 1940353,
  "lock_epoch": 56,
  "best_val_loss": 0.5253876839156709,
  "best_val_acc": 0.7448020506978069,
  "best_val_f1": 0.745164960182025,
  "best_val_auroc": 0.0,
  "best_val_precision": 0.7417893544733862,
  "best_val_recall": 0.7485714285714286,
  "best_train_acc": 0.754073350826875,
  "final_val_loss": 0.5722773328224026,
  "final_val_acc": 0.7379663913414981,
  "final_val_f1": 0.7325581395348838,
  "final_val_auroc": 0.0,
  "final_val_precision": 0.7455621301775148,
  "final_val_recall": 0.72,
  "final_train_acc": 0.7622505644718375,
  "test_loss": 0.5351552316974127,
  "test_acc": 0.7377562642369021,
  "test_f1": 0.73557278208441,
  "test_auroc": 0.0,
  "test_precision": 0.7396073903002309,
  "test_recall": 0.7315819531696174,
  "test_cat_acc": 0.7438955139125497,
  "test_dog_acc": 0.7315819531696174,
  "gap_train_val_acc_best": 0.009271300129068072,
  "gap_train_val_acc_final": 0.02428417313033937,
  "forward_ms_batch1": 0.7336854003369808,
  "cuda_peak_mem_mb": 427.789824
}