{
  "arch": "vit",
  "activation": "mish",
  "seed": 71,
  "epochs_ran": 66,
  "best_epoch": 56,
  "early_stop_patience_used": 10,
  "duration_sec": 2100.2239055633545,
  "mean_epoch_sec": 31.82110382657089,
  "trainable_params": 1940353,
  "lock_epoch": 91,
  "best_val_loss": 0.554157867183104,
  "best_val_acc": 0.7405297636001139,
  "best_val_f1": 0.7437412095639944,
  "best_val_auroc": 0.0,
  "best_val_precision": 0.7324099722991689,
  "best_val_recall": 0.7554285714285714,
  "best_train_acc": 0.7400988588515286,
  "final_val_loss": 0.6001136282363939,
  "final_val_acc": 0.7311307319851894,
  "final_val_f1": 0.7482666666666666,
  "final_val_auroc": 0.0,
  "final_val_precision": 0.7015,
  "final_val_recall": 0.8017142857142857,
  "final_train_acc": 0.7503508878989443,
  "test_loss": 0.5766883028123808,
  "test_acc": 0.7249430523917996,
  "test_f1": 0.7265005662514157,
  "test_auroc": 0.0,
  "test_precision": 0.7203818079730488,
  "test_recall": 0.7327241576242147,
  "test_cat_acc": 0.717206132879046,
  "test_dog_acc": 0.7327241576242147,
  "gap_train_val_acc_best": -0.0004309047485853146,
  "gap_train_val_acc_final": 0.01922015591375492,
  "forward_ms_batch1": 0.8789642946794629,
  "cuda_peak_mem_mb": 427.789824
}