{
  "arch": "vit",
  "activation": "hybrid_0.5",
  "seed": 59,
  "epochs_ran": 43,
  "best_epoch": 33,
  "early_stop_patience_used": 10,
  "duration_sec": 811.9867851734161,
  "mean_epoch_sec": 18.882949872548842,
  "trainable_params": 1940353,
  "lock_epoch": 91,
  "best_val_loss": 0.5675407804355632,
  "best_val_acc": 0.71461122187411,
  "best_val_f1": 0.7087209302325582,
  "best_val_auroc": 0.0,
  "best_val_precision": 0.721301775147929,
  "best_val_recall": 0.6965714285714286,
  "best_train_acc": 0.7065966925001526,
  "final_val_loss": 0.6203639966042352,
  "final_val_acc": 0.6972372543434919,
  "final_val_f1": 0.7325786163522013,
  "final_val_auroc": 0.0,
  "final_val_precision": 0.6543820224719101,
  "final_val_recall": 0.832,
  "final_train_acc": 0.7251479831573808,
  "test_loss": 0.568559218783585,
  "test_acc": 0.7104214123006833,
  "test_f1": 0.702544603685288,
  "test_auroc": 0.0,
  "test_precision": 0.7200239808153477,
  "test_recall": 0.6858937749857225,
  "test_cat_acc": 0.7348097671777399,
  "test_dog_acc": 0.6858937749857225,
  "gap_train_val_acc_best": -0.008014529373957413,
  "gap_train_val_acc_final": 0.027910728813888896,
  "forward_ms_batch1": 1.3466037111356854,
  "cuda_peak_mem_mb": 427.789824
}