{
  "arch": "vit",
  "activation": "prelu",
  "seed": 37,
  "epochs_ran": 67,
  "best_epoch": 57,
  "early_stop_patience_used": 10,
  "duration_sec": 1275.1581633090973,
  "mean_epoch_sec": 19.031775951288196,
  "trainable_params": 1940353,
  "lock_epoch": 91,
  "best_val_loss": 0.5558039693199512,
  "best_val_acc": 0.7311307319851894,
  "best_val_f1": 0.7123705057891531,
  "best_val_auroc": 0.0,
  "best_val_precision": 0.7630548302872062,
  "best_val_recall": 0.668,
  "best_train_acc": 0.7343626045035699,
  "final_val_loss": 0.570165450341747,
  "final_val_acc": 0.7288521788664198,
  "final_val_f1": 0.7511761630946158,
  "final_val_auroc": 0.0,
  "final_val_precision": 0.6921965317919075,
  "final_val_recall": 0.8211428571428572,
  "final_train_acc": 0.745591017269787,
  "test_loss": 0.5614384939567375,
  "test_acc": 0.7215261958997722,
  "test_f1": 0.6962732919254658,
  "test_auroc": 0.0,
  "test_precision": 0.7631041524846834,
  "test_recall": 0.6402055968018275,
  "test_cat_acc": 0.8023850085178875,
  "test_dog_acc": 0.6402055968018275,
  "gap_train_val_acc_best": 0.0032318725183805297,
  "gap_train_val_acc_final": 0.016738838403367207,
  "forward_ms_batch1": 0.7628814084455371,
  "cuda_peak_mem_mb": 427.789824
}