{
  "arch": "vit",
  "activation": "gelu",
  "seed": 11,
  "epochs_ran": 85,
  "best_epoch": 75,
  "early_stop_patience_used": 10,
  "duration_sec": 2209.0574955940247,
  "mean_epoch_sec": 25.988516802209265,
  "trainable_params": 1940353,
  "lock_epoch": 58,
  "best_val_loss": 0.5237089364116465,
  "best_val_acc": 0.7416690401594987,
  "best_val_f1": 0.7416690401594987,
  "best_val_auroc": 0.0,
  "best_val_precision": 0.7393526405451448,
  "best_val_recall": 0.744,
  "best_train_acc": 0.7686580826264722,
  "final_val_loss": 0.5820382592838329,
  "final_val_acc": 0.7396753061805753,
  "final_val_f1": 0.7332165791009925,
  "final_val_auroc": 0.0,
  "final_val_precision": 0.7494033412887828,
  "final_val_recall": 0.7177142857142857,
  "final_train_acc": 0.7800695673399646,
  "test_loss": 0.5077425475001064,
  "test_acc": 0.7462984054669703,
  "test_f1": 0.7444794952681388,
  "test_auroc": 0.0,
  "test_precision": 0.7476958525345622,
  "test_recall": 0.741290691033695,
  "test_cat_acc": 0.7512776831345827,
  "test_dog_acc": 0.741290691033695,
  "gap_train_val_acc_best": 0.026989042466973423,
  "gap_train_val_acc_final": 0.040394261159389266,
  "forward_ms_batch1": 0.8449882036074996,
  "cuda_peak_mem_mb": 202.915328
}