{
  "arch": "vit",
  "activation": "swish",
  "seed": 137,
  "epochs_ran": 40,
  "best_epoch": 30,
  "early_stop_patience_used": 10,
  "duration_sec": 1268.7482769489288,
  "mean_epoch_sec": 31.718171842751325,
  "trainable_params": 1940353,
  "lock_epoch": 91,
  "best_val_loss": 0.580461508373493,
  "best_val_acc": 0.6892623184277984,
  "best_val_f1": 0.6708898944193062,
  "best_val_auroc": 0.0,
  "best_val_precision": 0.7105431309904153,
  "best_val_recall": 0.6354285714285715,
  "best_train_acc": 0.6914627448587295,
  "final_val_loss": 0.6581758218964632,
  "final_val_acc": 0.6792936485331814,
  "final_val_f1": 0.7182182182182183,
  "final_val_auroc": 0.0,
  "final_val_precision": 0.6389136242208371,
  "final_val_recall": 0.82,
  "final_train_acc": 0.7170928174772686,
  "test_loss": 0.5739287677006732,
  "test_acc": 0.6904897494305239,
  "test_f1": 0.6701062215477996,
  "test_auroc": 0.0,
  "test_precision": 0.7150259067357513,
  "test_recall": 0.6304968589377499,
  "test_cat_acc": 0.7501419647927314,
  "test_dog_acc": 0.6304968589377499,
  "gap_train_val_acc_best": 0.0022004264309311017,
  "gap_train_val_acc_final": 0.03779916894408719,
  "forward_ms_batch1": 0.7017695810645819,
  "cuda_peak_mem_mb": 427.789824
}