{
  "arch": "vit",
  "activation": "swish",
  "seed": 59,
  "epochs_ran": 62,
  "best_epoch": 52,
  "early_stop_patience_used": 10,
  "duration_sec": 1219.3878803253174,
  "mean_epoch_sec": 19.667019054079578,
  "trainable_params": 1940353,
  "lock_epoch": 52,
  "best_val_loss": 0.539168778281713,
  "best_val_acc": 0.7297066362859584,
  "best_val_f1": 0.7327513376513658,
  "best_val_auroc": 0.0,
  "best_val_precision": 0.722376457523598,
  "best_val_recall": 0.7434285714285714,
  "best_train_acc": 0.7326539329956673,
  "final_val_loss": 0.5920424587585348,
  "final_val_acc": 0.7168897749928795,
  "final_val_f1": 0.7465578786333503,
  "final_val_auroc": 0.0,
  "final_val_precision": 0.6740331491712708,
  "final_val_recall": 0.8365714285714285,
  "final_train_acc": 0.7483370964789162,
  "test_loss": 0.5374712622247144,
  "test_acc": 0.7229498861047836,
  "test_f1": 0.7227130236534627,
  "test_auroc": 0.0,
  "test_precision": 0.7212741751990899,
  "test_recall": 0.7241576242147344,
  "test_cat_acc": 0.7217490062464509,
  "test_dog_acc": 0.7241576242147344,
  "gap_train_val_acc_best": 0.0029472967097088354,
  "gap_train_val_acc_final": 0.03144732148603668,
  "forward_ms_batch1": 0.7916337810456753,
  "cuda_peak_mem_mb": 427.789824
}