{
  "arch": "vit",
  "activation": "swish",
  "seed": 47,
  "epochs_ran": 35,
  "best_epoch": 25,
  "early_stop_patience_used": 10,
  "duration_sec": 669.1870141029358,
  "mean_epoch_sec": 19.119106096508247,
  "trainable_params": 1940353,
  "lock_epoch": 91,
  "best_val_loss": 0.5871350607685947,
  "best_val_acc": 0.6960979777841071,
  "best_val_f1": 0.6899157221737866,
  "best_val_auroc": 0.0,
  "best_val_precision": 0.7019515079834417,
  "best_val_recall": 0.6782857142857143,
  "best_train_acc": 0.6755354854457802,
  "final_val_loss": 0.5973920309112405,
  "final_val_acc": 0.6889774992879522,
  "final_val_f1": 0.6362425049966689,
  "final_val_auroc": 0.0,
  "final_val_precision": 0.762779552715655,
  "final_val_recall": 0.5457142857142857,
  "final_train_acc": 0.7014706779764447,
  "test_loss": 0.5883119415856711,
  "test_acc": 0.6847949886104784,
  "test_f1": 0.6750807161725858,
  "test_auroc": 0.0,
  "test_precision": 0.6944444444444444,
  "test_recall": 0.6567675613934895,
  "test_cat_acc": 0.7126632595116411,
  "test_dog_acc": 0.6567675613934895,
  "gap_train_val_acc_best": -0.020562492338326854,
  "gap_train_val_acc_final": 0.012493178688492534,
  "forward_ms_batch1": 0.8368466980755329,
  "cuda_peak_mem_mb": 427.789824
}