{
  "arch": "vit",
  "activation": "mish",
  "seed": 37,
  "epochs_ran": 62,
  "best_epoch": 52,
  "early_stop_patience_used": 10,
  "duration_sec": 1200.5368728637695,
  "mean_epoch_sec": 19.363045510531762,
  "trainable_params": 1940353,
  "lock_epoch": 91,
  "best_val_loss": 0.5679722042275236,
  "best_val_acc": 0.7043577328396469,
  "best_val_f1": 0.6964912280701755,
  "best_val_auroc": 0.0,
  "best_val_precision": 0.7131736526946107,
  "best_val_recall": 0.6805714285714286,
  "best_train_acc": 0.7116006590590102,
  "final_val_loss": 0.5682066035080554,
  "final_val_acc": 0.7097692964967246,
  "final_val_f1": 0.6726630260199165,
  "final_val_auroc": 0.0,
  "final_val_precision": 0.7681584739545121,
  "final_val_recall": 0.5982857142857143,
  "final_train_acc": 0.72789406236651,
  "test_loss": 0.5571130818277937,
  "test_acc": 0.7126993166287016,
  "test_f1": 0.7057451151939341,
  "test_auroc": 0.0,
  "test_precision": 0.7210965435041716,
  "test_recall": 0.6910336950314107,
  "test_cat_acc": 0.7342419080068143,
  "test_dog_acc": 0.6910336950314107,
  "gap_train_val_acc_best": 0.007242926219363288,
  "gap_train_val_acc_final": 0.018124765869785397,
  "forward_ms_batch1": 0.6472696084529161,
  "cuda_peak_mem_mb": 427.789824
}