{
  "arch": "vit",
  "activation": "gelu",
  "seed": 97,
  "epochs_ran": 52,
  "best_epoch": 42,
  "early_stop_patience_used": 10,
  "duration_sec": 1762.785532951355,
  "mean_epoch_sec": 33.899181741056964,
  "trainable_params": 1940353,
  "lock_epoch": 91,
  "best_val_loss": 0.5597564036504593,
  "best_val_acc": 0.7151808601538023,
  "best_val_f1": 0.7129735935706086,
  "best_val_auroc": 0.0,
  "best_val_precision": 0.7162629757785467,
  "best_val_recall": 0.7097142857142857,
  "best_train_acc": 0.7197168487215476,
  "final_val_loss": 0.6284174023488416,
  "final_val_acc": 0.6995158074622615,
  "final_val_f1": 0.7367107561766908,
  "final_val_auroc": 0.0,
  "final_val_precision": 0.6539654408506868,
  "final_val_recall": 0.8434285714285714,
  "final_train_acc": 0.7397327149569781,
  "test_loss": 0.5513515241596856,
  "test_acc": 0.7340546697038725,
  "test_f1": 0.7284883720930233,
  "test_auroc": 0.0,
  "test_precision": 0.7418590882178804,
  "test_recall": 0.7155910908052542,
  "test_cat_acc": 0.7524134014764339,
  "test_dog_acc": 0.7155910908052542,
  "gap_train_val_acc_best": 0.004535988567745286,
  "gap_train_val_acc_final": 0.040216907494716625,
  "forward_ms_batch1": 0.7439434994012117,
  "cuda_peak_mem_mb": 427.789824
}