{
  "arch": "vit",
  "activation": "prelu",
  "seed": 11,
  "epochs_ran": 46,
  "best_epoch": 36,
  "early_stop_patience_used": 10,
  "duration_sec": 1428.6151626110077,
  "mean_epoch_sec": 31.056187289594874,
  "trainable_params": 1940353,
  "lock_epoch": 91,
  "best_val_loss": 0.5572167703124812,
  "best_val_acc": 0.7091996582170322,
  "best_val_f1": 0.694219826295298,
  "best_val_auroc": 0.0,
  "best_val_precision": 0.7293895531780994,
  "best_val_recall": 0.6622857142857143,
  "best_train_acc": 0.6992127906267163,
  "final_val_loss": 0.5735032378744448,
  "final_val_acc": 0.7083452007974936,
  "final_val_f1": 0.7147632311977716,
  "final_val_auroc": 0.0,
  "final_val_precision": 0.6972826086956522,
  "final_val_recall": 0.7331428571428571,
  "final_train_acc": 0.7145908341978398,
  "test_loss": 0.5701695202694939,
  "test_acc": 0.6996013667425968,
  "test_f1": 0.6821331726423622,
  "test_auroc": 0.0,
  "test_precision": 0.7219387755102041,
  "test_recall": 0.6464877213021131,
  "test_cat_acc": 0.7524134014764339,
  "test_dog_acc": 0.6464877213021131,
  "gap_train_val_acc_best": -0.009986867590315973,
  "gap_train_val_acc_final": 0.006245633400346118,
  "forward_ms_batch1": 0.6725376937538385,
  "cuda_peak_mem_mb": 427.789824
}