{
  "arch": "vit",
  "activation": "gelu",
  "seed": 83,
  "epochs_ran": 36,
  "best_epoch": 26,
  "early_stop_patience_used": 10,
  "duration_sec": 1441.0612173080444,
  "mean_epoch_sec": 40.02893542812025,
  "trainable_params": 1940353,
  "lock_epoch": 91,
  "best_val_loss": 0.5873189762901018,
  "best_val_acc": 0.6998006266021076,
  "best_val_f1": 0.6946697566628041,
  "best_val_auroc": 0.0,
  "best_val_precision": 0.7044653349001175,
  "best_val_recall": 0.6851428571428572,
  "best_train_acc": 0.6934155122963325,
  "final_val_loss": 0.7261474689113826,
  "final_val_acc": 0.6567929364853318,
  "final_val_f1": 0.7216447216447216,
  "final_val_auroc": 0.0,
  "final_val_precision": 0.60566110895696,
  "final_val_recall": 0.8925714285714286,
  "final_train_acc": 0.7164825776530176,
  "test_loss": 0.5820937705202907,
  "test_acc": 0.6996013667425968,
  "test_f1": 0.6903434106251835,
  "test_auroc": 0.0,
  "test_precision": 0.7101449275362319,
  "test_recall": 0.6716162193032553,
  "test_cat_acc": 0.727427597955707,
  "test_dog_acc": 0.6716162193032553,
  "gap_train_val_acc_best": -0.0063851143057751525,
  "gap_train_val_acc_final": 0.059689641167685825,
  "forward_ms_batch1": 0.6696894997730851,
  "cuda_peak_mem_mb": 427.789824
}