{
  "arch": "vit",
  "activation": "hybrid_0.25",
  "seed": 71,
  "epochs_ran": 62,
  "best_epoch": 52,
  "early_stop_patience_used": 10,
  "duration_sec": 1415.1225836277008,
  "mean_epoch_sec": 22.823963153784373,
  "trainable_params": 1940353,
  "lock_epoch": 52,
  "best_val_loss": 0.5442435702972689,
  "best_val_acc": 0.7365422956422671,
  "best_val_f1": 0.7280211702440459,
  "best_val_auroc": 0.0,
  "best_val_precision": 0.7498485766202302,
  "best_val_recall": 0.7074285714285714,
  "best_train_acc": 0.7435772258497589,
  "final_val_loss": 0.5997381354585328,
  "final_val_acc": 0.7114782113358018,
  "final_val_f1": 0.7479472505598408,
  "final_val_auroc": 0.0,
  "final_val_precision": 0.6624063464081092,
  "final_val_recall": 0.8588571428571429,
  "final_train_acc": 0.7549276865808263,
  "test_loss": 0.5616264834762434,
  "test_acc": 0.7323462414578588,
  "test_f1": 0.7245017584994139,
  "test_auroc": 0.0,
  "test_precision": 0.7441300421432872,
  "test_recall": 0.7058823529411765,
  "test_cat_acc": 0.7586598523566156,
  "test_dog_acc": 0.7058823529411765,
  "gap_train_val_acc_best": 0.007034930207491796,
  "gap_train_val_acc_final": 0.043449475245024516,
  "forward_ms_batch1": 1.6887851059436798,
  "cuda_peak_mem_mb": 427.789824
}