{
  "arch": "vit",
  "activation": "mish",
  "seed": 97,
  "epochs_ran": 60,
  "best_epoch": 50,
  "early_stop_patience_used": 10,
  "duration_sec": 1982.3566963672638,
  "mean_epoch_sec": 33.038800994772465,
  "trainable_params": 1940353,
  "lock_epoch": 91,
  "best_val_loss": 0.5496454183123656,
  "best_val_acc": 0.7274280831671889,
  "best_val_f1": 0.7204206836108678,
  "best_val_auroc": 0.0,
  "best_val_precision": 0.7369994022713688,
  "best_val_recall": 0.7045714285714286,
  "best_train_acc": 0.731799597241716,
  "final_val_loss": 0.5823586172899334,
  "final_val_acc": 0.7217317003702649,
  "final_val_f1": 0.7477407694293831,
  "final_val_auroc": 0.0,
  "final_val_precision": 0.682053697597739,
  "final_val_recall": 0.8274285714285714,
  "final_train_acc": 0.7472996887776896,
  "test_loss": 0.5535383916933064,
  "test_acc": 0.7235193621867881,
  "test_f1": 0.7109258707948795,
  "test_auroc": 0.0,
  "test_precision": 0.7425373134328358,
  "test_recall": 0.6818960593946316,
  "test_cat_acc": 0.7649063032367973,
  "test_dog_acc": 0.6818960593946316,
  "gap_train_val_acc_best": 0.004371514074527072,
  "gap_train_val_acc_final": 0.02556798840742469,
  "forward_ms_batch1": 0.7617363007739186,
  "cuda_peak_mem_mb": 427.789824
}