{
  "arch": "vit",
  "activation": "mish",
  "seed": 83,
  "epochs_ran": 66,
  "best_epoch": 56,
  "early_stop_patience_used": 10,
  "duration_sec": 2660.311827659607,
  "mean_epoch_sec": 40.30728621864832,
  "trainable_params": 1940353,
  "lock_epoch": 56,
  "best_val_loss": 0.5423286334125788,
  "best_val_acc": 0.7359726573625748,
  "best_val_f1": 0.7198549410698096,
  "best_val_auroc": 0.0,
  "best_val_precision": 0.763951250801796,
  "best_val_recall": 0.6805714285714286,
  "best_train_acc": 0.7375358515896747,
  "final_val_loss": 0.5775938818289051,
  "final_val_acc": 0.731985189404728,
  "final_val_f1": 0.7336541183130484,
  "final_val_auroc": 0.0,
  "final_val_precision": 0.7268648345485137,
  "final_val_recall": 0.7405714285714285,
  "final_train_acc": 0.750167815951669,
  "test_loss": 0.543624775556334,
  "test_acc": 0.7260820045558086,
  "test_f1": 0.7047268262737876,
  "test_auroc": 0.0,
  "test_precision": 0.7617783676177837,
  "test_recall": 0.655625356938892,
  "test_cat_acc": 0.7961385576377058,
  "test_dog_acc": 0.655625356938892,
  "gap_train_val_acc_best": 0.00156319422709994,
  "gap_train_val_acc_final": 0.018182626546941028,
  "forward_ms_batch1": 0.6238868925720453,
  "cuda_peak_mem_mb": 427.789824
}