{
  "arch": "vit",
  "activation": "prelu",
  "seed": 137,
  "epochs_ran": 57,
  "best_epoch": 47,
  "early_stop_patience_used": 10,
  "duration_sec": 1764.8042163848877,
  "mean_epoch_sec": 30.960815919534582,
  "trainable_params": 1940353,
  "lock_epoch": 91,
  "best_val_loss": 0.5571398565790247,
  "best_val_acc": 0.7245798917687268,
  "best_val_f1": 0.7237932019423022,
  "best_val_auroc": 0.0,
  "best_val_precision": 0.7235865219874358,
  "best_val_recall": 0.724,
  "best_train_acc": 0.7136754744614634,
  "final_val_loss": 0.6086324844408565,
  "final_val_acc": 0.7063514668185702,
  "final_val_f1": 0.7254327563249,
  "final_val_auroc": 0.0,
  "final_val_precision": 0.6793017456359102,
  "final_val_recall": 0.7782857142857142,
  "final_train_acc": 0.721974736071276,
  "test_loss": 0.5700407526487642,
  "test_acc": 0.7072892938496583,
  "test_f1": 0.70662100456621,
  "test_auroc": 0.0,
  "test_precision": 0.7062179121505989,
  "test_recall": 0.7070245573957739,
  "test_cat_acc": 0.7075525269733106,
  "test_dog_acc": 0.7070245573957739,
  "gap_train_val_acc_best": -0.010904417307263436,
  "gap_train_val_acc_final": 0.015623269252705851,
  "forward_ms_batch1": 2.1040749037638307,
  "cuda_peak_mem_mb": 427.789824
}