{
  "arch": "vit",
  "activation": "mish",
  "seed": 59,
  "epochs_ran": 37,
  "best_epoch": 27,
  "early_stop_patience_used": 10,
  "duration_sec": 689.3462483882904,
  "mean_epoch_sec": 18.63046227361554,
  "trainable_params": 1940353,
  "lock_epoch": 91,
  "best_val_loss": 0.5845513141875048,
  "best_val_acc": 0.6963827969239533,
  "best_val_f1": 0.6935020126509489,
  "best_val_auroc": 0.0,
  "best_val_precision": 0.6979166666666666,
  "best_val_recall": 0.6891428571428572,
  "best_train_acc": 0.6932324403490572,
  "final_val_loss": 0.5931251857294991,
  "final_val_acc": 0.7134719453147251,
  "final_val_f1": 0.7000596302921885,
  "final_val_auroc": 0.0,
  "final_val_precision": 0.7319201995012469,
  "final_val_recall": 0.6708571428571428,
  "final_train_acc": 0.7182522731433454,
  "test_loss": 0.5819745441232564,
  "test_acc": 0.6910592255125285,
  "test_f1": 0.6835812190142898,
  "test_auroc": 0.0,
  "test_precision": 0.698450536352801,
  "test_recall": 0.6693318103940605,
  "test_cat_acc": 0.7126632595116411,
  "test_dog_acc": 0.6693318103940605,
  "gap_train_val_acc_best": -0.0031503565748961515,
  "gap_train_val_acc_final": 0.004780327828620257,
  "forward_ms_batch1": 0.8141701109707355,
  "cuda_peak_mem_mb": 427.789824
}