{
  "arch": "vit",
  "activation": "prelu",
  "seed": 59,
  "epochs_ran": 62,
  "best_epoch": 52,
  "early_stop_patience_used": 10,
  "duration_sec": 1182.7790756225586,
  "mean_epoch_sec": 19.076585143166145,
  "trainable_params": 1940353,
  "lock_epoch": 91,
  "best_val_loss": 0.5539554332742933,
  "best_val_acc": 0.7171745941327258,
  "best_val_f1": 0.6947433138641254,
  "best_val_auroc": 0.0,
  "best_val_precision": 0.7518296739853626,
  "best_val_recall": 0.6457142857142857,
  "best_train_acc": 0.7281381582962104,
  "final_val_loss": 0.6114104035419469,
  "final_val_acc": 0.6972372543434919,
  "final_val_f1": 0.7353746577047549,
  "final_val_auroc": 0.0,
  "final_val_precision": 0.6515218350242611,
  "final_val_recall": 0.844,
  "final_train_acc": 0.7384512113260512,
  "test_loss": 0.5563297087076313,
  "test_acc": 0.715261958997722,
  "test_f1": 0.6898263027295285,
  "test_auroc": 0.0,
  "test_precision": 0.7549219280380176,
  "test_recall": 0.6350656767561393,
  "test_cat_acc": 0.7950028392958546,
  "test_dog_acc": 0.6350656767561393,
  "gap_train_val_acc_best": 0.010963564163484651,
  "gap_train_val_acc_final": 0.04121395698255925,
  "forward_ms_batch1": 1.668782881461084,
  "cuda_peak_mem_mb": 427.789824
}