{
  "arch": "vit",
  "activation": "hybrid_0.5",
  "seed": 97,
  "epochs_ran": 54,
  "best_epoch": 44,
  "early_stop_patience_used": 10,
  "duration_sec": 1923.37904214859,
  "mean_epoch_sec": 35.617624841026824,
  "trainable_params": 1940353,
  "lock_epoch": 91,
  "best_val_loss": 0.5563596820634371,
  "best_val_acc": 0.7228709769296496,
  "best_val_f1": 0.7358131957643225,
  "best_val_auroc": 0.0,
  "best_val_precision": 0.7009829280910502,
  "best_val_recall": 0.7742857142857142,
  "best_train_acc": 0.7226459998779521,
  "final_val_loss": 0.6050208852700921,
  "final_val_acc": 0.7000854457419539,
  "final_val_f1": 0.7414682052541125,
  "final_val_auroc": 0.0,
  "final_val_precision": 0.6500215238915196,
  "final_val_recall": 0.8628571428571429,
  "final_train_acc": 0.7352169402575212,
  "test_loss": 0.55802857101914,
  "test_acc": 0.7129840546697038,
  "test_f1": 0.7262357414448669,
  "test_auroc": 0.0,
  "test_precision": 0.6923873640600725,
  "test_recall": 0.7635636778983438,
  "test_cat_acc": 0.6626916524701874,
  "test_dog_acc": 0.7635636778983438,
  "gap_train_val_acc_best": -0.00022497705169755022,
  "gap_train_val_acc_final": 0.035131494515567296,
  "forward_ms_batch1": 1.4491753885522485,
  "cuda_peak_mem_mb": 427.789824
}