{
  "arch": "vit",
  "activation": "swish",
  "seed": 11,
  "epochs_ran": 38,
  "best_epoch": 28,
  "early_stop_patience_used": 10,
  "duration_sec": 995.7068800926208,
  "mean_epoch_sec": 26.202266455094918,
  "trainable_params": 1940353,
  "lock_epoch": 91,
  "best_val_loss": 0.5837241544474974,
  "best_val_acc": 0.698946169182569,
  "best_val_f1": 0.6913868613138686,
  "best_val_auroc": 0.0,
  "best_val_precision": 0.706865671641791,
  "best_val_recall": 0.6765714285714286,
  "best_train_acc": 0.6917068407884298,
  "final_val_loss": 0.5935837973627532,
  "final_val_acc": 0.7009399031614925,
  "final_val_f1": 0.6843054720384847,
  "final_val_auroc": 0.0,
  "final_val_precision": 0.7220812182741116,
  "final_val_recall": 0.6502857142857142,
  "final_train_acc": 0.7162995057057424,
  "test_loss": 0.5856662574553001,
  "test_acc": 0.6970387243735763,
  "test_f1": 0.6874265569917744,
  "test_auroc": 0.0,
  "test_precision": 0.7078039927404719,
  "test_recall": 0.6681896059394632,
  "test_cat_acc": 0.7257240204429302,
  "test_dog_acc": 0.6681896059394632,
  "gap_train_val_acc_best": -0.007239328394139211,
  "gap_train_val_acc_final": 0.01535960254424995,
  "forward_ms_batch1": 0.6025495938956738,
  "cuda_peak_mem_mb": 202.915328
}