{
  "arch": "vit",
  "activation": "hybrid_0.5",
  "seed": 127,
  "epochs_ran": 37,
  "best_epoch": 27,
  "early_stop_patience_used": 10,
  "duration_sec": 1289.1011509895325,
  "mean_epoch_sec": 34.83984099186303,
  "trainable_params": 1940353,
  "lock_epoch": 91,
  "best_val_loss": 0.5838817962042391,
  "best_val_acc": 0.6963827969239533,
  "best_val_f1": 0.6919075144508671,
  "best_val_auroc": 0.0,
  "best_val_precision": 0.7,
  "best_val_recall": 0.684,
  "best_train_acc": 0.6925001525599561,
  "final_val_loss": 0.5925700892685011,
  "final_val_acc": 0.6963827969239533,
  "final_val_f1": 0.6995490417136416,
  "final_val_auroc": 0.0,
  "final_val_precision": 0.6902113459399333,
  "final_val_recall": 0.7091428571428572,
  "final_train_acc": 0.7111734911820345,
  "test_loss": 0.5792321314301198,
  "test_acc": 0.6950455580865603,
  "test_f1": 0.6882096069868996,
  "test_auroc": 0.0,
  "test_precision": 0.7019002375296912,
  "test_recall": 0.6750428326670475,
  "test_cat_acc": 0.7149346961953436,
  "test_dog_acc": 0.6750428326670475,
  "gap_train_val_acc_best": -0.003882644363997212,
  "gap_train_val_acc_final": 0.014790694258081216,
  "forward_ms_batch1": 3.750124992802739,
  "cuda_peak_mem_mb": 427.789824
}