{
  "arch": "vit",
  "activation": "tgelu3",
  "seed": 23,
  "epochs_ran": 60,
  "best_epoch": 50,
  "early_stop_patience_used": 10,
  "duration_sec": 1835.9990556240082,
  "mean_epoch_sec": 30.599557601237514,
  "trainable_params": 1940353,
  "lock_epoch": 91,
  "best_val_loss": 0.5555441931878967,
  "best_val_acc": 0.726288806607804,
  "best_val_f1": 0.7272211183650298,
  "best_val_auroc": 0.0,
  "best_val_precision": 0.7225042301184433,
  "best_val_recall": 0.732,
  "best_train_acc": 0.7283212302434857,
  "final_val_loss": 0.6058556568721053,
  "final_val_acc": 0.7134719453147251,
  "final_val_f1": 0.6779769526248399,
  "final_val_auroc": 0.0,
  "final_val_precision": 0.7707423580786026,
  "final_val_recall": 0.6051428571428571,
  "final_train_acc": 0.7452858973576616,
  "test_loss": 0.5560359381869062,
  "test_acc": 0.7252277904328018,
  "test_f1": 0.7232578147404646,
  "test_auroc": 0.0,
  "test_precision": 0.7263824884792627,
  "test_recall": 0.7201599086236437,
  "test_cat_acc": 0.730266893810335,
  "test_dog_acc": 0.7201599086236437,
  "gap_train_val_acc_best": 0.0020324236356816794,
  "gap_train_val_acc_final": 0.031813952042936466,
  "forward_ms_batch1": 0.9145196992903948,
  "cuda_peak_mem_mb": 427.789824
}