{
  "arch": "vit",
  "seed": 59,
  "val_loss_lock": 0.547,
  "lock_epoch_used": 52,
  "rows": [
    {
      "activation": "gelu",
      "epoch": 52.0,
      "train_loss": 0.517228415431269,
      "train_acc": 0.7415634344297309,
      "val_loss": 0.5467937147641108,
      "val_acc": 0.7345485616633438,
      "epoch_sec": 18.991411451948807,
      "val_cat_acc": 0.7671777399204998,
      "val_dog_acc": 0.7017142857142857,
      "val_precision": 0.7496947496947497,
      "val_recall": 0.7017142857142857,
      "val_f1": 0.7249114521841794,
      "val_auroc": 0.0
    },
    {
      "activation": "swish",
      "epoch": 52.0,
      "train_loss": 0.5307073399743727,
      "train_acc": 0.7326539329956673,
      "val_loss": 0.539168778281713,
      "val_acc": 0.7297066362859584,
      "epoch_sec": 18.566732097184286,
      "val_cat_acc": 0.7160704145371948,
      "val_dog_acc": 0.7434285714285714,
      "val_precision": 0.722376457523598,
      "val_recall": 0.7434285714285714,
      "val_f1": 0.7327513376513658,
      "val_auroc": 0.0
    },
    {
      "activation": "tgelu3",
      "epoch": 52.0,
      "train_loss": 0.5154689060381,
      "train_acc": 0.7434551778849088,
      "val_loss": 0.5485129092823438,
      "val_acc": 0.7254343491882654,
      "epoch_sec": 20.12656345195137,
      "val_cat_acc": 0.7887563884156729,
      "val_dog_acc": 0.6617142857142857,
      "val_precision": 0.7568627450980392,
      "val_recall": 0.6617142857142857,
      "val_f1": 0.7060975609756097,
      "val_auroc": 0.0
    },
    {
      "activation": "prelu",
      "epoch": 52.0,
      "train_loss": 0.535195832056233,
      "train_acc": 0.7281381582962104,
      "val_loss": 0.5539554332742933,
      "val_acc": 0.7171745941327258,
      "epoch_sec": 18.820603508967906,
      "val_cat_acc": 0.7881885292447472,
      "val_dog_acc": 0.6457142857142857,
      "val_precision": 0.7518296739853626,
      "val_recall": 0.6457142857142857,
      "val_f1": 0.6947433138641254,
      "val_auroc": 0.0
    }
  ]
}