{
  "arch": "vit",
  "activation": "gelu",
  "seed": 71,
  "epochs_ran": 47,
  "best_epoch": 37,
  "early_stop_patience_used": 10,
  "duration_sec": 958.9416353702545,
  "mean_epoch_sec": 20.402424476614737,
  "trainable_params": 1940353,
  "lock_epoch": 91,
  "best_val_loss": 0.5609311074298592,
  "best_val_acc": 0.7160353175733409,
  "best_val_f1": 0.7058129241664207,
  "best_val_auroc": 0.0,
  "best_val_precision": 0.7297132397803539,
  "best_val_recall": 0.6834285714285714,
  "best_train_acc": 0.7214865442118753,
  "final_val_loss": 0.5876589992283349,
  "final_val_acc": 0.7251495300484192,
  "final_val_f1": 0.7334990334161835,
  "final_val_auroc": 0.0,
  "final_val_precision": 0.7097808658471406,
  "final_val_recall": 0.7588571428571429,
  "final_train_acc": 0.7319216452065662,
  "test_loss": 0.5616721764783924,
  "test_acc": 0.7098519362186788,
  "test_f1": 0.6971768202080239,
  "test_auroc": 0.0,
  "test_precision": 0.7267657992565055,
  "test_recall": 0.6699029126213593,
  "test_cat_acc": 0.7495741056218058,
  "test_dog_acc": 0.6699029126213593,
  "gap_train_val_acc_best": 0.005451226638534368,
  "gap_train_val_acc_final": 0.0067721151581470185,
  "forward_ms_batch1": 0.8255844935774803,
  "cuda_peak_mem_mb": 427.789824
}