{
  "arch": "vit",
  "activation": "hybrid_0.25",
  "seed": 47,
  "epochs_ran": 50,
  "best_epoch": 40,
  "early_stop_patience_used": 10,
  "duration_sec": 930.4690246582031,
  "mean_epoch_sec": 18.60882041601464,
  "trainable_params": 1940353,
  "lock_epoch": 40,
  "best_val_loss": 0.5460543764839482,
  "best_val_acc": 0.7217317003702649,
  "best_val_f1": 0.7198164611413823,
  "best_val_auroc": 0.0,
  "best_val_precision": 0.7225100748416811,
  "best_val_recall": 0.7171428571428572,
  "best_train_acc": 0.7255141270519314,
  "final_val_loss": 0.5998313543770056,
  "final_val_acc": 0.7211620620905724,
  "final_val_f1": 0.7377444414679881,
  "final_val_auroc": 0.0,
  "final_val_precision": 0.6944024205748865,
  "final_val_recall": 0.7868571428571428,
  "final_train_acc": 0.7371697076951241,
  "test_loss": 0.5449006044240096,
  "test_acc": 0.7189635535307517,
  "test_f1": 0.716297786720322,
  "test_auroc": 0.0,
  "test_precision": 0.7210648148148148,
  "test_recall": 0.7115933752141633,
  "test_cat_acc": 0.7262918796138558,
  "test_dog_acc": 0.7115933752141633,
  "gap_train_val_acc_best": 0.0037824266816665064,
  "gap_train_val_acc_final": 0.0160076456045517,
  "forward_ms_batch1": 1.048855297267437,
  "cuda_peak_mem_mb": 427.789824
}