{
  "arch": "vit",
  "activation": "hybrid_0.5",
  "seed": 11,
  "epochs_ran": 32,
  "best_epoch": 22,
  "early_stop_patience_used": 10,
  "duration_sec": 969.7604696750641,
  "mean_epoch_sec": 30.304491058777785,
  "trainable_params": 1940353,
  "lock_epoch": 91,
  "best_val_loss": 0.5996306271625699,
  "best_val_acc": 0.6701794360581032,
  "best_val_f1": 0.6627839254513687,
  "best_val_auroc": 0.0,
  "best_val_precision": 0.6757719714964371,
  "best_val_recall": 0.6502857142857142,
  "best_train_acc": 0.6698602550802465,
  "final_val_loss": 0.6198910214017511,
  "final_val_acc": 0.6892623184277984,
  "final_val_f1": 0.7117569352708056,
  "final_val_auroc": 0.0,
  "final_val_precision": 0.6619164619164619,
  "final_val_recall": 0.7697142857142857,
  "final_train_acc": 0.6939647281381583,
  "test_loss": 0.5891903967412023,
  "test_acc": 0.6822323462414579,
  "test_f1": 0.6740654205607476,
  "test_auroc": 0.0,
  "test_precision": 0.6897788404064554,
  "test_recall": 0.6590519703026841,
  "test_cat_acc": 0.7052810902896082,
  "test_dog_acc": 0.6590519703026841,
  "gap_train_val_acc_best": -0.000319180977856659,
  "gap_train_val_acc_final": 0.004702409710359956,
  "forward_ms_batch1": 3.019730793312192,
  "cuda_peak_mem_mb": 427.789824
}