{
  "arch": "vit",
  "activation": "tgelu3",
  "seed": 97,
  "epochs_ran": 45,
  "best_epoch": 35,
  "early_stop_patience_used": 10,
  "duration_sec": 1691.1998414993286,
  "mean_epoch_sec": 37.581550458378885,
  "trainable_params": 1940353,
  "lock_epoch": 91,
  "best_val_loss": 0.552590149228507,
  "best_val_acc": 0.7197379663913415,
  "best_val_f1": 0.7074910820451844,
  "best_val_auroc": 0.0,
  "best_val_precision": 0.7372986369268897,
  "best_val_recall": 0.68,
  "best_train_acc": 0.7144077622505645,
  "final_val_loss": 0.5783694664303376,
  "final_val_acc": 0.7265736257476503,
  "final_val_f1": 0.7364085667215816,
  "final_val_auroc": 0.0,
  "final_val_precision": 0.7087737843551797,
  "final_val_recall": 0.7662857142857142,
  "final_train_acc": 0.727833038384085,
  "test_loss": 0.5623609615078277,
  "test_acc": 0.7158314350797267,
  "test_f1": 0.7017334130304841,
  "test_auroc": 0.0,
  "test_precision": 0.7360501567398119,
  "test_recall": 0.6704740148486579,
  "test_cat_acc": 0.760931289040318,
  "test_dog_acc": 0.6704740148486579,
  "gap_train_val_acc_best": -0.005330204140777006,
  "gap_train_val_acc_final": 0.001259412636434698,
  "forward_ms_batch1": 3.1488551991060376,
  "cuda_peak_mem_mb": 427.789824
}