{
  "arch": "vit",
  "activation": "mish",
  "seed": 11,
  "epochs_ran": 46,
  "best_epoch": 36,
  "early_stop_patience_used": 10,
  "duration_sec": 1558.6599278450012,
  "mean_epoch_sec": 33.88342287511382,
  "trainable_params": 1940353,
  "lock_epoch": 91,
  "best_val_loss": 0.5722495863509633,
  "best_val_acc": 0.7049273711193392,
  "best_val_f1": 0.7081690140845069,
  "best_val_auroc": 0.0,
  "best_val_precision": 0.6983333333333334,
  "best_val_recall": 0.7182857142857143,
  "best_train_acc": 0.7035454933788979,
  "final_val_loss": 0.6037094385509849,
  "final_val_acc": 0.7094844773568784,
  "final_val_f1": 0.7290116896918171,
  "final_val_auroc": 0.0,
  "final_val_precision": 0.6812313803376365,
  "final_val_recall": 0.784,
  "final_train_acc": 0.718679441020321,
  "test_loss": 0.5726243975765342,
  "test_acc": 0.701879271070615,
  "test_f1": 0.7034834324553951,
  "test_auroc": 0.0,
  "test_precision": 0.697752808988764,
  "test_recall": 0.7093089663049685,
  "test_cat_acc": 0.6944917660420216,
  "test_dog_acc": 0.7093089663049685,
  "gap_train_val_acc_best": -0.0013818777404412952,
  "gap_train_val_acc_final": 0.009194963663442635,
  "forward_ms_batch1": 0.6413864903151989,
  "cuda_peak_mem_mb": 427.789824
}