{
  "arch": "vit",
  "activation": "prelu",
  "seed": 97,
  "epochs_ran": 54,
  "best_epoch": 44,
  "early_stop_patience_used": 10,
  "duration_sec": 1972.4136769771576,
  "mean_epoch_sec": 36.52559704624151,
  "trainable_params": 1940353,
  "lock_epoch": 44,
  "best_val_loss": 0.5456065745545194,
  "best_val_acc": 0.7271432640273426,
  "best_val_f1": 0.729683972911964,
  "best_val_auroc": 0.0,
  "best_val_precision": 0.7207357859531772,
  "best_val_recall": 0.7388571428571429,
  "best_train_acc": 0.7136754744614634,
  "final_val_loss": 0.5996162779215427,
  "final_val_acc": 0.7203076046710339,
  "final_val_f1": 0.739107332624867,
  "final_val_auroc": 0.0,
  "final_val_precision": 0.6906653426017875,
  "final_val_recall": 0.7948571428571428,
  "final_train_acc": 0.7269176786477085,
  "test_loss": 0.5487654013622866,
  "test_acc": 0.7209567198177677,
  "test_f1": 0.7211155378486056,
  "test_auroc": 0.0,
  "test_precision": 0.7186613726602382,
  "test_recall": 0.7235865219874358,
  "test_cat_acc": 0.7183418512208972,
  "test_dog_acc": 0.7235865219874358,
  "gap_train_val_acc_best": -0.01346778956587924,
  "gap_train_val_acc_final": 0.006610073976674569,
  "forward_ms_batch1": 1.8226567888632417,
  "cuda_peak_mem_mb": 427.789824
}