{
  "arch": "vit",
  "activation": "hybrid_0.25",
  "seed": 23,
  "epochs_ran": 58,
  "best_epoch": 48,
  "early_stop_patience_used": 10,
  "duration_sec": 1363.1092422008514,
  "mean_epoch_sec": 23.50141685846631,
  "trainable_params": 1940353,
  "lock_epoch": 48,
  "best_val_loss": 0.5437331738566374,
  "best_val_acc": 0.7271432640273426,
  "best_val_f1": 0.7121394230769231,
  "best_val_auroc": 0.0,
  "best_val_precision": 0.7509505703422054,
  "best_val_recall": 0.6771428571428572,
  "best_train_acc": 0.7253920790870813,
  "final_val_loss": 0.5827468916735599,
  "final_val_acc": 0.7185986898319567,
  "final_val_f1": 0.7293150684931506,
  "final_val_auroc": 0.0,
  "final_val_precision": 0.7005263157894737,
  "final_val_recall": 0.7605714285714286,
  "final_train_acc": 0.7413193385000305,
  "test_loss": 0.5439090867248918,
  "test_acc": 0.7155466970387244,
  "test_f1": 0.6971809639284632,
  "test_auroc": 0.0,
  "test_precision": 0.7428940568475452,
  "test_recall": 0.6567675613934895,
  "test_cat_acc": 0.7739920499716071,
  "test_dog_acc": 0.6567675613934895,
  "gap_train_val_acc_best": -0.0017511849402613855,
  "gap_train_val_acc_final": 0.022720648668073773,
  "forward_ms_batch1": 1.0176918003708124,
  "cuda_peak_mem_mb": 427.789824
}