{
  "arch": "vit",
  "activation": "tgelu3",
  "seed": 83,
  "epochs_ran": 36,
  "best_epoch": 26,
  "early_stop_patience_used": 10,
  "duration_sec": 1413.0612425804138,
  "mean_epoch_sec": 39.25122071516752,
  "trainable_params": 1940353,
  "lock_epoch": 91,
  "best_val_loss": 0.5821480108814951,
  "best_val_acc": 0.7009399031614925,
  "best_val_f1": 0.6929824561403509,
  "best_val_auroc": 0.0,
  "best_val_precision": 0.7095808383233533,
  "best_val_recall": 0.6771428571428572,
  "best_train_acc": 0.6945139439799841,
  "final_val_loss": 0.636915513564976,
  "final_val_acc": 0.6875534035887212,
  "final_val_f1": 0.7293362941031334,
  "final_val_auroc": 0.0,
  "final_val_precision": 0.6417716022579244,
  "final_val_recall": 0.8445714285714285,
  "final_train_acc": 0.7139195703911637,
  "test_loss": 0.5792906513789792,
  "test_acc": 0.7075740318906606,
  "test_f1": 0.6958839206396209,
  "test_auroc": 0.0,
  "test_precision": 0.7226322263222632,
  "test_recall": 0.6710451170759566,
  "test_cat_acc": 0.7438955139125497,
  "test_dog_acc": 0.6710451170759566,
  "gap_train_val_acc_best": -0.006425959181508345,
  "gap_train_val_acc_final": 0.026366166802442526,
  "forward_ms_batch1": 4.255365091376007,
  "cuda_peak_mem_mb": 427.789824
}