{
  "arch": "vit",
  "activation": "hybrid_0.5",
  "seed": 23,
  "epochs_ran": 62,
  "best_epoch": 52,
  "early_stop_patience_used": 10,
  "duration_sec": 1496.116546869278,
  "mean_epoch_sec": 24.130358455593758,
  "trainable_params": 1940353,
  "lock_epoch": 52,
  "best_val_loss": 0.5469419585779093,
  "best_val_acc": 0.729136998006266,
  "best_val_f1": 0.7258575958489478,
  "best_val_auroc": 0.0,
  "best_val_precision": 0.7324025596276905,
  "best_val_recall": 0.7194285714285714,
  "best_train_acc": 0.7341185085738695,
  "final_val_loss": 0.6304899828534491,
  "final_val_acc": 0.7137567644545714,
  "final_val_f1": 0.7383493881801615,
  "final_val_auroc": 0.0,
  "final_val_precision": 0.6781444285031085,
  "final_val_recall": 0.8102857142857143,
  "final_train_acc": 0.7483981204613414,
  "test_loss": 0.5452960080600817,
  "test_acc": 0.7266514806378133,
  "test_f1": 0.7186400937866354,
  "test_auroc": 0.0,
  "test_precision": 0.7381095725466587,
  "test_recall": 0.7001713306681896,
  "test_cat_acc": 0.7529812606473595,
  "test_dog_acc": 0.7001713306681896,
  "gap_train_val_acc_best": 0.004981510567603542,
  "gap_train_val_acc_final": 0.034641356006769985,
  "forward_ms_batch1": 2.8379786061123013,
  "cuda_peak_mem_mb": 427.789824
}