{
  "arch": "vit",
  "activation": "hybrid_0.25",
  "seed": 37,
  "epochs_ran": 83,
  "best_epoch": 73,
  "early_stop_patience_used": 10,
  "duration_sec": 1709.2509577274323,
  "mean_epoch_sec": 20.592889729668443,
  "trainable_params": 1940353,
  "lock_epoch": 57,
  "best_val_loss": 0.5361489188684694,
  "best_val_acc": 0.7311307319851894,
  "best_val_f1": 0.7431991294885746,
  "best_val_auroc": 0.0,
  "best_val_precision": 0.7092419522326064,
  "best_val_recall": 0.7805714285714286,
  "best_train_acc": 0.7628608042960884,
  "final_val_loss": 0.5780012777849196,
  "final_val_acc": 0.737681572201652,
  "final_val_f1": 0.734811402245897,
  "final_val_auroc": 0.0,
  "final_val_precision": 0.7405687753917586,
  "final_val_recall": 0.7291428571428571,
  "final_train_acc": 0.7687191066088973,
  "test_loss": 0.5379227579047305,
  "test_acc": 0.7303530751708428,
  "test_f1": 0.7430122116689282,
  "test_auroc": 0.0,
  "test_precision": 0.7078593588417788,
  "test_recall": 0.7818389491719018,
  "test_cat_acc": 0.6791595684270301,
  "test_dog_acc": 0.7818389491719018,
  "gap_train_val_acc_best": 0.03173007231089897,
  "gap_train_val_acc_final": 0.031037534407245326,
  "forward_ms_batch1": 1.1452398961409926,
  "cuda_peak_mem_mb": 427.789824
}