{
  "arch": "vit",
  "activation": "hybrid_0.5",
  "seed": 71,
  "epochs_ran": 44,
  "best_epoch": 34,
  "early_stop_patience_used": 10,
  "duration_sec": 998.3627610206604,
  "mean_epoch_sec": 22.689360696748324,
  "trainable_params": 1940353,
  "lock_epoch": 91,
  "best_val_loss": 0.5627069250958763,
  "best_val_acc": 0.7069211050982626,
  "best_val_f1": 0.7180049328583173,
  "best_val_auroc": 0.0,
  "best_val_precision": 0.6898367561874671,
  "best_val_recall": 0.7485714285714286,
  "best_train_acc": 0.7085494599377555,
  "final_val_loss": 0.5651367394902433,
  "final_val_acc": 0.7217317003702649,
  "final_val_f1": 0.727171181234292,
  "final_val_auroc": 0.0,
  "final_val_precision": 0.7110868377935554,
  "final_val_recall": 0.744,
  "final_train_acc": 0.7267346067004332,
  "test_loss": 0.5657548683107849,
  "test_acc": 0.7101366742596811,
  "test_f1": 0.7194046306504961,
  "test_auroc": 0.0,
  "test_precision": 0.6952583910495471,
  "test_recall": 0.7452884066247858,
  "test_cat_acc": 0.6751845542305508,
  "test_dog_acc": 0.7452884066247858,
  "gap_train_val_acc_best": 0.0016283548394929737,
  "gap_train_val_acc_final": 0.005002906330168311,
  "forward_ms_batch1": 1.2310042977333069,
  "cuda_peak_mem_mb": 427.789824
}