{
  "arch": "vit",
  "activation": "mish",
  "seed": 127,
  "epochs_ran": 42,
  "best_epoch": 32,
  "early_stop_patience_used": 10,
  "duration_sec": 1426.1501288414001,
  "mean_epoch_sec": 33.955365719406736,
  "trainable_params": 1940353,
  "lock_epoch": 91,
  "best_val_loss": 0.5639581685221049,
  "best_val_acc": 0.7037880945599544,
  "best_val_f1": 0.6731615336266499,
  "best_val_auroc": 0.0,
  "best_val_precision": 0.7479050279329609,
  "best_val_recall": 0.612,
  "best_train_acc": 0.7005553182400683,
  "final_val_loss": 0.5799529058102766,
  "final_val_acc": 0.7194531472514953,
  "final_val_f1": 0.7034025895814514,
  "final_val_auroc": 0.0,
  "final_val_precision": 0.743475493316359,
  "final_val_recall": 0.6674285714285715,
  "final_train_acc": 0.7192896808445719,
  "test_loss": 0.5575531226898923,
  "test_acc": 0.7061503416856492,
  "test_f1": 0.6758793969849246,
  "test_auroc": 0.0,
  "test_precision": 0.7508722958827634,
  "test_recall": 0.6145059965733867,
  "test_cat_acc": 0.797274275979557,
  "test_dog_acc": 0.6145059965733867,
  "gap_train_val_acc_best": -0.003232776319886055,
  "gap_train_val_acc_final": -0.0001634664069234404,
  "forward_ms_batch1": 0.8414413081482053,
  "cuda_peak_mem_mb": 427.789824
}