{
  "arch": "vit",
  "seed": 23,
  "val_loss_lock": 0.547,
  "lock_epoch_used": 48,
  "rows": [
    {
      "activation": "gelu",
      "epoch": 48.0,
      "train_loss": 0.5327346827888267,
      "train_acc": 0.7291145420150119,
      "val_loss": 0.550905276850668,
      "val_acc": 0.7223013386499573,
      "epoch_sec": 29.65269801695831,
      "val_cat_acc": 0.7285633162975582,
      "val_dog_acc": 0.716,
      "val_precision": 0.7238590410167534,
      "val_recall": 0.716,
      "val_f1": 0.7199080723929906,
      "val_auroc": 0.0
    },
    {
      "activation": "tgelu3",
      "epoch": 48.0,
      "train_loss": 0.5340209622441897,
      "train_acc": 0.7270397266125588,
      "val_loss": 0.5683604799183438,
      "val_acc": 0.7168897749928795,
      "epoch_sec": 28.511738936882466,
      "val_cat_acc": 0.7927314026121521,
      "val_dog_acc": 0.6405714285714286,
      "val_precision": 0.7543741588156124,
      "val_recall": 0.6405714285714286,
      "val_f1": 0.6928306551297898,
      "val_auroc": 0.0
    },
    {
      "activation": "hybrid_0.25",
      "epoch": 48.0,
      "train_loss": 0.5372597181739558,
      "train_acc": 0.7253920790870813,
      "val_loss": 0.5437331738566374,
      "val_acc": 0.7271432640273426,
      "epoch_sec": 21.812503139022738,
      "val_cat_acc": 0.7768313458262351,
      "val_dog_acc": 0.6771428571428572,
      "val_precision": 0.7509505703422054,
      "val_recall": 0.6771428571428572,
      "val_f1": 0.7121394230769231,
      "val_auroc": 0.0
    },
    {
      "activation": "hybrid_0.5",
      "epoch": 48.0,
      "train_loss": 0.53448491321428,
      "train_acc": 0.728565326173186,
      "val_loss": 0.5514603009406606,
      "val_acc": 0.7251495300484192,
      "epoch_sec": 24.533291036030278,
      "val_cat_acc": 0.78137421919364,
      "val_dog_acc": 0.6685714285714286,
      "val_precision": 0.752411575562701,
      "val_recall": 0.6685714285714286,
      "val_f1": 0.708018154311649,
      "val_auroc": 0.0
    }
  ]
}