{
  "arch": "vit",
  "activation": "mish",
  "seed": 47,
  "epochs_ran": 66,
  "best_epoch": 56,
  "early_stop_patience_used": 10,
  "duration_sec": 1275.5137629508972,
  "mean_epoch_sec": 19.325514089792375,
  "trainable_params": 1940353,
  "lock_epoch": 56,
  "best_val_loss": 0.5355101181668999,
  "best_val_acc": 0.7231557960694959,
  "best_val_f1": 0.7287946428571429,
  "best_val_auroc": 0.0,
  "best_val_precision": 0.7121046892039259,
  "best_val_recall": 0.7462857142857143,
  "best_train_acc": 0.7309452614877647,
  "final_val_loss": 0.5886437389644181,
  "final_val_acc": 0.7225861577898035,
  "final_val_f1": 0.7502564102564103,
  "final_val_auroc": 0.0,
  "final_val_precision": 0.6804651162790698,
  "final_val_recall": 0.836,
  "final_train_acc": 0.7490083602855923,
  "test_loss": 0.5371989716429917,
  "test_acc": 0.7255125284738041,
  "test_f1": 0.7262918796138559,
  "test_auroc": 0.0,
  "test_precision": 0.7221908526256352,
  "test_recall": 0.73043974871502,
  "test_cat_acc": 0.7206132879045997,
  "test_dog_acc": 0.73043974871502,
  "gap_train_val_acc_best": 0.007789465418268859,
  "gap_train_val_acc_final": 0.02642220249578875,
  "forward_ms_batch1": 0.6279285065829754,
  "cuda_peak_mem_mb": 427.789824
}