{
  "arch": "vit",
  "activation": "gelu",
  "seed": 23,
  "epochs_ran": 62,
  "best_epoch": 52,
  "early_stop_patience_used": 10,
  "duration_sec": 1871.963211774826,
  "mean_epoch_sec": 30.19235391075152,
  "trainable_params": 1940353,
  "lock_epoch": 91,
  "best_val_loss": 0.5478032695809106,
  "best_val_acc": 0.7339789233836513,
  "best_val_f1": 0.7328375286041191,
  "best_val_auroc": 0.0,
  "best_val_precision": 0.7336769759450171,
  "best_val_recall": 0.732,
  "best_train_acc": 0.7336913406968939,
  "final_val_loss": 0.62572489375404,
  "final_val_acc": 0.7012247223013387,
  "final_val_f1": 0.7391196219845809,
  "final_val_auroc": 0.0,
  "final_val_precision": 0.6543372963452224,
  "final_val_recall": 0.8491428571428571,
  "final_train_acc": 0.7498626960395436,
  "test_loss": 0.5536644040587823,
  "test_acc": 0.7246583143507973,
  "test_f1": 0.7197913648217907,
  "test_auroc": 0.0,
  "test_precision": 0.7305882352941176,
  "test_recall": 0.7093089663049685,
  "test_cat_acc": 0.7399204997160704,
  "test_dog_acc": 0.7093089663049685,
  "gap_train_val_acc_best": -0.00028758268675743714,
  "gap_train_val_acc_final": 0.04863797373820489,
  "forward_ms_batch1": 0.596221094019711,
  "cuda_peak_mem_mb": 427.789824
}