{
  "arch": "vit",
  "activation": "prelu",
  "seed": 71,
  "epochs_ran": 73,
  "best_epoch": 63,
  "early_stop_patience_used": 10,
  "duration_sec": 1756.2395694255829,
  "mean_epoch_sec": 24.057535788860836,
  "trainable_params": 1940353,
  "lock_epoch": 56,
  "best_val_loss": 0.5299905315996473,
  "best_val_acc": 0.7445172315579607,
  "best_val_f1": 0.7499303038751046,
  "best_val_auroc": 0.0,
  "best_val_precision": 0.7321720195971693,
  "best_val_recall": 0.7685714285714286,
  "best_train_acc": 0.7389394031854519,
  "final_val_loss": 0.5438203927086005,
  "final_val_acc": 0.730561093705497,
  "final_val_f1": 0.7063935443823712,
  "final_val_auroc": 0.0,
  "final_val_precision": 0.7730978260869565,
  "final_val_recall": 0.6502857142857142,
  "final_train_acc": 0.7454079453225118,
  "test_loss": 0.5406113592801713,
  "test_acc": 0.7169703872437357,
  "test_f1": 0.7228109313998885,
  "test_auroc": 0.0,
  "test_precision": 0.706267029972752,
  "test_recall": 0.7401484865790977,
  "test_cat_acc": 0.693923906871096,
  "test_dog_acc": 0.7401484865790977,
  "gap_train_val_acc_best": -0.005577828372508753,
  "gap_train_val_acc_final": 0.014846851617014711,
  "forward_ms_batch1": 0.6883203983306885,
  "cuda_peak_mem_mb": 427.789824
}