{
  "arch": "vit",
  "activation": "hybrid_0.25",
  "seed": 137,
  "epochs_ran": 40,
  "best_epoch": 30,
  "early_stop_patience_used": 10,
  "duration_sec": 1251.9960322380066,
  "mean_epoch_sec": 31.299434900440975,
  "trainable_params": 1940353,
  "lock_epoch": 91,
  "best_val_loss": 0.5715634668698443,
  "best_val_acc": 0.7003702648818001,
  "best_val_f1": 0.6954255935147655,
  "best_val_auroc": 0.0,
  "best_val_precision": 0.70481220657277,
  "best_val_recall": 0.6862857142857143,
  "best_train_acc": 0.6980533349606395,
  "final_val_loss": 0.6344656380993183,
  "final_val_acc": 0.7026488180005697,
  "final_val_f1": 0.7246835443037974,
  "final_val_auroc": 0.0,
  "final_val_precision": 0.672869735553379,
  "final_val_recall": 0.7851428571428571,
  "final_train_acc": 0.719350704826997,
  "test_loss": 0.5656998462991997,
  "test_acc": 0.7038724373576309,
  "test_f1": 0.6946564885496184,
  "test_auroc": 0.0,
  "test_precision": 0.7148036253776435,
  "test_recall": 0.6756139348943461,
  "test_cat_acc": 0.7319704713231119,
  "test_dog_acc": 0.6756139348943461,
  "gap_train_val_acc_best": -0.0023169299211606154,
  "gap_train_val_acc_final": 0.01670188682642737,
  "forward_ms_batch1": 5.5933537892997265,
  "cuda_peak_mem_mb": 427.789824
}