{
  "arch": "vit",
  "activation": "swish",
  "seed": 83,
  "epochs_ran": 34,
  "best_epoch": 24,
  "early_stop_patience_used": 10,
  "duration_sec": 1373.1133859157562,
  "mean_epoch_sec": 40.385069999364475,
  "trainable_params": 1940353,
  "lock_epoch": 91,
  "best_val_loss": 0.5912020424600002,
  "best_val_acc": 0.6821418399316435,
  "best_val_f1": 0.6557680444170265,
  "best_val_auroc": 0.0,
  "best_val_precision": 0.7124664879356568,
  "best_val_recall": 0.6074285714285714,
  "best_train_acc": 0.6793189723561359,
  "final_val_loss": 0.5924597593988322,
  "final_val_acc": 0.6921105098262603,
  "final_val_f1": 0.7080745341614906,
  "final_val_auroc": 0.0,
  "final_val_precision": 0.6712749615975423,
  "final_val_recall": 0.7491428571428571,
  "final_train_acc": 0.6999450784158174,
  "test_loss": 0.5896934433787179,
  "test_acc": 0.6771070615034168,
  "test_f1": 0.6458463460337288,
  "test_auroc": 0.0,
  "test_precision": 0.7126119917298415,
  "test_recall": 0.5905197030268418,
  "test_cat_acc": 0.7632027257240205,
  "test_dog_acc": 0.5905197030268418,
  "gap_train_val_acc_best": -0.002822867575507537,
  "gap_train_val_acc_final": 0.007834568589557112,
  "forward_ms_batch1": 1.0508100036531687,
  "cuda_peak_mem_mb": 427.789824
}