{
  "arch": "vit",
  "activation": "hybrid_0.25",
  "seed": 83,
  "epochs_ran": 35,
  "best_epoch": 25,
  "early_stop_patience_used": 10,
  "duration_sec": 1368.570608139038,
  "mean_epoch_sec": 39.10154624348506,
  "trainable_params": 1940353,
  "lock_epoch": 91,
  "best_val_loss": 0.5936083332047914,
  "best_val_acc": 0.6847052121902591,
  "best_val_f1": 0.680150245593759,
  "best_val_auroc": 0.0,
  "best_val_precision": 0.6879018118059614,
  "best_val_recall": 0.6725714285714286,
  "best_train_acc": 0.6896930493684018,
  "final_val_loss": 0.5956776821861169,
  "final_val_acc": 0.684420393050413,
  "final_val_f1": 0.7087276550998948,
  "final_val_auroc": 0.0,
  "final_val_precision": 0.6562804284323271,
  "final_val_recall": 0.7702857142857142,
  "final_train_acc": 0.71147861109416,
  "test_loss": 0.5989722209666476,
  "test_acc": 0.6865034168564921,
  "test_f1": 0.681515765114261,
  "test_auroc": 0.0,
  "test_precision": 0.690504103165299,
  "test_recall": 0.6727584237578527,
  "test_cat_acc": 0.7001703577512777,
  "test_dog_acc": 0.6727584237578527,
  "gap_train_val_acc_best": 0.004987837178142662,
  "gap_train_val_acc_final": 0.027058218043746973,
  "forward_ms_batch1": 4.883616883307695,
  "cuda_peak_mem_mb": 427.789824
}