{
  "arch": "vit",
  "activation": "tgelu3",
  "seed": 11,
  "epochs_ran": 82,
  "best_epoch": 72,
  "early_stop_patience_used": 10,
  "duration_sec": 1997.1127967834473,
  "mean_epoch_sec": 24.354541756340485,
  "trainable_params": 1940353,
  "lock_epoch": 58,
  "best_val_loss": 0.5149605521124266,
  "best_val_acc": 0.7601822842495015,
  "best_val_f1": 0.7553747821034282,
  "best_val_auroc": 0.0,
  "best_val_precision": 0.7683215130023641,
  "best_val_recall": 0.7428571428571429,
  "best_train_acc": 0.765850979434918,
  "final_val_loss": 0.5439644984559299,
  "final_val_acc": 0.7561948162916547,
  "final_val_f1": 0.7659923455440132,
  "final_val_auroc": 0.0,
  "final_val_precision": 0.7342767295597484,
  "final_val_recall": 0.8005714285714286,
  "final_train_acc": 0.7738451211326051,
  "test_loss": 0.5317927598953247,
  "test_acc": 0.7491457858769932,
  "test_f1": 0.7424729611224788,
  "test_auroc": 0.0,
  "test_precision": 0.7604790419161677,
  "test_recall": 0.7252998286693318,
  "test_cat_acc": 0.7728563316297559,
  "test_dog_acc": 0.7252998286693318,
  "gap_train_val_acc_best": 0.005668695185416461,
  "gap_train_val_acc_final": 0.017650304840950315,
  "forward_ms_batch1": 0.9932086803019047,
  "cuda_peak_mem_mb": 318.754304
}