{
  "arch": "vit",
  "activation": "swish",
  "seed": 37,
  "epochs_ran": 83,
  "best_epoch": 73,
  "early_stop_patience_used": 10,
  "duration_sec": 1773.347838640213,
  "mean_epoch_sec": 21.365271736727465,
  "trainable_params": 1940353,
  "lock_epoch": 73,
  "best_val_loss": 0.5438417939422002,
  "best_val_acc": 0.7254343491882654,
  "best_val_f1": 0.7273755656108597,
  "best_val_auroc": 0.0,
  "best_val_precision": 0.7200447928331467,
  "best_val_recall": 0.7348571428571429,
  "best_train_acc": 0.7536461829498993,
  "final_val_loss": 0.5787572016049843,
  "final_val_acc": 0.7351181999430362,
  "final_val_f1": 0.7490555855369672,
  "final_val_auroc": 0.0,
  "final_val_precision": 0.7096114519427403,
  "final_val_recall": 0.7931428571428571,
  "final_train_acc": 0.7654848355403674,
  "test_loss": 0.5451133623210064,
  "test_acc": 0.7323462414578588,
  "test_f1": 0.7334089619965967,
  "test_auroc": 0.0,
  "test_precision": 0.7284507042253521,
  "test_recall": 0.7384351798972016,
  "test_cat_acc": 0.7262918796138558,
  "test_dog_acc": 0.7384351798972016,
  "gap_train_val_acc_best": 0.02821183376163383,
  "gap_train_val_acc_final": 0.030366635597331215,
  "forward_ms_batch1": 0.8970188908278942,
  "cuda_peak_mem_mb": 427.789824
}