{
  "arch": "vit",
  "activation": "prelu",
  "seed": 83,
  "epochs_ran": 70,
  "best_epoch": 60,
  "early_stop_patience_used": 10,
  "duration_sec": 2617.4463024139404,
  "mean_epoch_sec": 37.3915151390879,
  "trainable_params": 1940353,
  "lock_epoch": 91,
  "best_val_loss": 0.5489643334714275,
  "best_val_acc": 0.7214468812304187,
  "best_val_f1": 0.7173410404624279,
  "best_val_auroc": 0.0,
  "best_val_precision": 0.7257309941520468,
  "best_val_recall": 0.7091428571428572,
  "best_train_acc": 0.7332031488374932,
  "final_val_loss": 0.5509650046942207,
  "final_val_acc": 0.7325548276844204,
  "final_val_f1": 0.736458040976705,
  "final_val_auroc": 0.0,
  "final_val_precision": 0.7236624379481522,
  "final_val_recall": 0.7497142857142857,
  "final_train_acc": 0.7464453530237384,
  "test_loss": 0.5547579029969583,
  "test_acc": 0.7175398633257403,
  "test_f1": 0.7114601512507271,
  "test_auroc": 0.0,
  "test_precision": 0.7249555423829283,
  "test_recall": 0.6984580239862935,
  "test_cat_acc": 0.7365133446905168,
  "test_dog_acc": 0.6984580239862935,
  "gap_train_val_acc_best": 0.011756267607074489,
  "gap_train_val_acc_final": 0.013890525339318005,
  "forward_ms_batch1": 0.6571868900209665,
  "cuda_peak_mem_mb": 427.789824
}