{
  "arch": "vit",
  "activation": "tgelu3",
  "seed": 127,
  "epochs_ran": 42,
  "best_epoch": 32,
  "early_stop_patience_used": 10,
  "duration_sec": 1202.3701815605164,
  "mean_epoch_sec": 28.627154012005555,
  "trainable_params": 1940353,
  "lock_epoch": 91,
  "best_val_loss": 0.5589232855935071,
  "best_val_acc": 0.7066362859584164,
  "best_val_f1": 0.7118074986010072,
  "best_val_auroc": 0.0,
  "best_val_precision": 0.6973684210526315,
  "best_val_recall": 0.7268571428571429,
  "best_train_acc": 0.7051931409043755,
  "final_val_loss": 0.5914335501258511,
  "final_val_acc": 0.7160353175733409,
  "final_val_f1": 0.7208064967796136,
  "final_val_auroc": 0.0,
  "final_val_precision": 0.7067545304777595,
  "final_val_recall": 0.7354285714285714,
  "final_train_acc": 0.7158113138463416,
  "test_loss": 0.5668767620056256,
  "test_acc": 0.7035876993166287,
  "test_f1": 0.70282614901513,
  "test_auroc": 0.0,
  "test_precision": 0.7026255707762558,
  "test_recall": 0.703026841804683,
  "test_cat_acc": 0.704145371947757,
  "test_dog_acc": 0.703026841804683,
  "gap_train_val_acc_best": -0.001443145054040973,
  "gap_train_val_acc_final": -0.00022400372699937776,
  "forward_ms_batch1": 3.641318599693477,
  "cuda_peak_mem_mb": 427.789824
}