{
  "arch": "vit",
  "activation": "gelu",
  "seed": 47,
  "epochs_ran": 42,
  "best_epoch": 32,
  "early_stop_patience_used": 10,
  "duration_sec": 788.1290421485901,
  "mean_epoch_sec": 18.764457774453884,
  "trainable_params": 1940353,
  "lock_epoch": 91,
  "best_val_loss": 0.5769965426173519,
  "best_val_acc": 0.7012247223013387,
  "best_val_f1": 0.6981294964028777,
  "best_val_auroc": 0.0,
  "best_val_precision": 0.7031884057971014,
  "best_val_recall": 0.6931428571428572,
  "best_train_acc": 0.7047659730273997,
  "final_val_loss": 0.5801568912818065,
  "final_val_acc": 0.7188835089718029,
  "final_val_f1": 0.7203173703598754,
  "final_val_auroc": 0.0,
  "final_val_precision": 0.7144463181562676,
  "final_val_recall": 0.7262857142857143,
  "final_train_acc": 0.7267956306828584,
  "test_loss": 0.5665835048451782,
  "test_acc": 0.7038724373576309,
  "test_f1": 0.6971461852067559,
  "test_auroc": 0.0,
  "test_precision": 0.7112299465240641,
  "test_recall": 0.6836093660765277,
  "test_cat_acc": 0.7240204429301533,
  "test_dog_acc": 0.6836093660765277,
  "gap_train_val_acc_best": 0.0035412507260610404,
  "gap_train_val_acc_final": 0.007912121711055486,
  "forward_ms_batch1": 0.9584551909938455,
  "cuda_peak_mem_mb": 427.789824
}