{
  "arch": "vit",
  "activation": "tgelu3",
  "seed": 137,
  "epochs_ran": 62,
  "best_epoch": 52,
  "early_stop_patience_used": 10,
  "duration_sec": 1950.8068883419037,
  "mean_epoch_sec": 31.464146068466135,
  "trainable_params": 1940353,
  "lock_epoch": 43,
  "best_val_loss": 0.5401521398534941,
  "best_val_acc": 0.737681572201652,
  "best_val_f1": 0.7283987024476557,
  "best_val_auroc": 0.0,
  "best_val_precision": 0.7525898842169408,
  "best_val_recall": 0.7057142857142857,
  "best_train_acc": 0.731189357417465,
  "final_val_loss": 0.5654725325868124,
  "final_val_acc": 0.7385360296211906,
  "final_val_f1": 0.7557211282597126,
  "final_val_auroc": 0.0,
  "final_val_precision": 0.7071713147410359,
  "final_val_recall": 0.8114285714285714,
  "final_train_acc": 0.7482760724964911,
  "test_loss": 0.5381130429498155,
  "test_acc": 0.72750569476082,
  "test_f1": 0.717114986698197,
  "test_auroc": 0.0,
  "test_precision": 0.7432598039215687,
  "test_recall": 0.6927470017133067,
  "test_cat_acc": 0.7620670073821693,
  "test_dog_acc": 0.6927470017133067,
  "gap_train_val_acc_best": -0.006492214784186934,
  "gap_train_val_acc_final": 0.009740042875300503,
  "forward_ms_batch1": 3.367886506021023,
  "cuda_peak_mem_mb": 427.789824
}