{
  "arch": "vit",
  "activation": "tgelu3",
  "seed": 37,
  "epochs_ran": 34,
  "best_epoch": 24,
  "early_stop_patience_used": 10,
  "duration_sec": 694.10387134552,
  "mean_epoch_sec": 20.414370800717734,
  "trainable_params": 1940353,
  "lock_epoch": 91,
  "best_val_loss": 0.6144609750081114,
  "best_val_acc": 0.6533751068071775,
  "best_val_f1": 0.6844697951775992,
  "best_val_auroc": 0.0,
  "best_val_precision": 0.6264831514000949,
  "best_val_recall": 0.7542857142857143,
  "best_train_acc": 0.664978336486239,
  "final_val_loss": 0.6334299265455569,
  "final_val_acc": 0.6493876388493307,
  "final_val_f1": 0.7045836333093353,
  "final_val_auroc": 0.0,
  "final_val_precision": 0.6073645014480761,
  "final_val_recall": 0.8388571428571429,
  "final_train_acc": 0.6890828095441508,
  "test_loss": 0.6049652817173264,
  "test_acc": 0.664009111617312,
  "test_f1": 0.69254820218864,
  "test_auroc": 0.0,
  "test_precision": 0.6367992333493052,
  "test_recall": 0.7589948600799543,
  "test_cat_acc": 0.5695627484383873,
  "test_dog_acc": 0.7589948600799543,
  "gap_train_val_acc_best": 0.011603229679061577,
  "gap_train_val_acc_final": 0.03969517069482009,
  "forward_ms_batch1": 1.045210286974907,
  "cuda_peak_mem_mb": 427.789824
}