{
  "arch": "vit",
  "activation": "mish",
  "seed": 137,
  "epochs_ran": 51,
  "best_epoch": 41,
  "early_stop_patience_used": 10,
  "duration_sec": 1437.6514852046967,
  "mean_epoch_sec": 28.188573301180867,
  "trainable_params": 1940353,
  "lock_epoch": 41,
  "best_val_loss": 0.5391428740114202,
  "best_val_acc": 0.730561093705497,
  "best_val_f1": 0.7301768397033658,
  "best_val_auroc": 0.0,
  "best_val_precision": 0.7289293849658315,
  "best_val_recall": 0.7314285714285714,
  "best_train_acc": 0.723988527491304,
  "final_val_loss": 0.5492834354339927,
  "final_val_acc": 0.7260039874679578,
  "final_val_f1": 0.7213209733487833,
  "final_val_auroc": 0.0,
  "final_val_precision": 0.7314923619271445,
  "final_val_recall": 0.7114285714285714,
  "final_train_acc": 0.7432721059376335,
  "test_loss": 0.5406076715312949,
  "test_acc": 0.72750569476082,
  "test_f1": 0.7250790002872738,
  "test_auroc": 0.0,
  "test_precision": 0.7294797687861272,
  "test_recall": 0.7207310108509423,
  "test_cat_acc": 0.7342419080068143,
  "test_dog_acc": 0.7207310108509423,
  "gap_train_val_acc_best": -0.006572566214192999,
  "gap_train_val_acc_final": 0.017268118469675686,
  "forward_ms_batch1": 0.8903578855097294,
  "cuda_peak_mem_mb": 427.789824
}