{
  "arch": "vit",
  "activation": "hybrid_0.25",
  "seed": 59,
  "epochs_ran": 37,
  "best_epoch": 27,
  "early_stop_patience_used": 10,
  "duration_sec": 710.3418929576874,
  "mean_epoch_sec": 19.197800545292477,
  "trainable_params": 1940353,
  "lock_epoch": 91,
  "best_val_loss": 0.5809246566145552,
  "best_val_acc": 0.6898319567074908,
  "best_val_f1": 0.6449298989240301,
  "best_val_auroc": 0.0,
  "best_val_precision": 0.7509491268033409,
  "best_val_recall": 0.5651428571428572,
  "best_train_acc": 0.6933544883139073,
  "final_val_loss": 0.5939117383155617,
  "final_val_acc": 0.6952435203645685,
  "final_val_f1": 0.640456989247312,
  "final_val_auroc": 0.0,
  "final_val_precision": 0.7773246329526917,
  "final_val_recall": 0.5445714285714286,
  "final_train_acc": 0.7184963690730457,
  "test_loss": 0.5787008639620214,
  "test_acc": 0.6867881548974943,
  "test_f1": 0.6352785145888593,
  "test_auroc": 0.0,
  "test_precision": 0.7573122529644268,
  "test_recall": 0.5471159337521416,
  "test_cat_acc": 0.8256672345258376,
  "test_dog_acc": 0.5471159337521416,
  "gap_train_val_acc_best": 0.003522531606416579,
  "gap_train_val_acc_final": 0.023252848708477214,
  "forward_ms_batch1": 2.6186760049313307,
  "cuda_peak_mem_mb": 427.789824
}