{
  "arch": "vit",
  "activation": "prelu",
  "seed": 127,
  "epochs_ran": 42,
  "best_epoch": 32,
  "early_stop_patience_used": 10,
  "duration_sec": 1547.690417766571,
  "mean_epoch_sec": 36.84915188219886,
  "trainable_params": 1940353,
  "lock_epoch": 91,
  "best_val_loss": 0.5757871830575455,
  "best_val_acc": 0.6949587012247223,
  "best_val_f1": 0.6809651474530831,
  "best_val_auroc": 0.0,
  "best_val_precision": 0.7112632233976354,
  "best_val_recall": 0.6531428571428571,
  "best_train_acc": 0.6927442484896564,
  "final_val_loss": 0.580237123844665,
  "final_val_acc": 0.7077755625178012,
  "final_val_f1": 0.6969875959834614,
  "final_val_auroc": 0.0,
  "final_val_precision": 0.7212713936430318,
  "final_val_recall": 0.6742857142857143,
  "final_train_acc": 0.7098309635686825,
  "test_loss": 0.5749855891447132,
  "test_acc": 0.691628701594533,
  "test_f1": 0.6733031674208145,
  "test_auroc": 0.0,
  "test_precision": 0.7135549872122762,
  "test_recall": 0.6373500856653341,
  "test_cat_acc": 0.7455990914253265,
  "test_dog_acc": 0.6373500856653341,
  "gap_train_val_acc_best": -0.0022144527350658194,
  "gap_train_val_acc_final": 0.0020554010508813114,
  "forward_ms_batch1": 0.7229655049741268,
  "cuda_peak_mem_mb": 427.789824
}