{
  "arch": "vit",
  "seed": 47,
  "val_loss_lock": 0.547,
  "lock_epoch_used": 40,
  "rows": [
    {
      "activation": "gelu",
      "epoch": 40.0,
      "train_loss": 0.5396896837694195,
      "train_acc": 0.7216085921767255,
      "val_loss": 0.5828833659806845,
      "val_acc": 0.7057818285388778,
      "epoch_sec": 17.843318801140413,
      "val_cat_acc": 0.6797274275979557,
      "val_dog_acc": 0.732,
      "val_precision": 0.6943089430894309,
      "val_recall": 0.732,
      "val_f1": 0.7126564673157163,
      "val_auroc": 0.0
    },
    {
      "activation": "hybrid_0.25",
      "epoch": 40.0,
      "train_loss": 0.5362100744579159,
      "train_acc": 0.7255141270519314,
      "val_loss": 0.5460543764839482,
      "val_acc": 0.7217317003702649,
      "epoch_sec": 18.337422044947743,
      "val_cat_acc": 0.7262918796138558,
      "val_dog_acc": 0.7171428571428572,
      "val_precision": 0.7225100748416811,
      "val_recall": 0.7171428571428572,
      "val_f1": 0.7198164611413823,
      "val_auroc": 0.0
    },
    {
      "activation": "prelu",
      "epoch": 40.0,
      "train_loss": 0.5749236308117801,
      "train_acc": 0.6887776896320253,
      "val_loss": 0.5855498990249308,
      "val_acc": 0.6929649672457989,
      "epoch_sec": 19.429514979943633,
      "val_cat_acc": 0.7359454855195912,
      "val_dog_acc": 0.6497142857142857,
      "val_precision": 0.7097378277153558,
      "val_recall": 0.6497142857142857,
      "val_f1": 0.678400954653938,
      "val_auroc": 0.0
    },
    {
      "activation": "mish",
      "epoch": 40.0,
      "train_loss": 0.5567855773581284,
      "train_acc": 0.7075120522365289,
      "val_loss": 0.5881011801732297,
      "val_acc": 0.6923953289661066,
      "epoch_sec": 18.999942453112453,
      "val_cat_acc": 0.599091425326519,
      "val_dog_acc": 0.7862857142857143,
      "val_precision": 0.6609029779058597,
      "val_recall": 0.7862857142857143,
      "val_f1": 0.7181628392484343,
      "val_auroc": 0.0
    }
  ]
}