{
  "arch": "vit",
  "activation": "tgelu3",
  "seed": 59,
  "epochs_ran": 70,
  "best_epoch": 60,
  "early_stop_patience_used": 10,
  "duration_sec": 1315.8815882205963,
  "mean_epoch_sec": 18.79788946651388,
  "trainable_params": 1940353,
  "lock_epoch": 59,
  "best_val_loss": 0.5421995089132878,
  "best_val_acc": 0.7379663913414981,
  "best_val_f1": 0.7377423033067275,
  "best_val_auroc": 0.0,
  "best_val_precision": 0.7360637087599545,
  "best_val_recall": 0.7394285714285714,
  "best_train_acc": 0.7532190150729237,
  "final_val_loss": 0.5661608176128167,
  "final_val_acc": 0.7519225291939619,
  "final_val_f1": 0.7598566308243726,
  "final_val_auroc": 0.0,
  "final_val_precision": 0.7341502397442727,
  "final_val_recall": 0.7874285714285715,
  "final_train_acc": 0.7649966436809666,
  "test_loss": 0.5466279953650298,
  "test_acc": 0.7320615034168565,
  "test_f1": 0.7273254129237903,
  "test_auroc": 0.0,
  "test_precision": 0.7382352941176471,
  "test_recall": 0.7167332952598515,
  "test_cat_acc": 0.7473026689381034,
  "test_dog_acc": 0.7167332952598515,
  "gap_train_val_acc_best": 0.015252623731425552,
  "gap_train_val_acc_final": 0.013074114487004795,
  "forward_ms_batch1": 4.773260117508471,
  "cuda_peak_mem_mb": 427.789824
}