{
  "arch": "vit",
  "activation": "hybrid_0.5",
  "seed": 37,
  "epochs_ran": 61,
  "best_epoch": 51,
  "early_stop_patience_used": 10,
  "duration_sec": 1219.8657143115997,
  "mean_epoch_sec": 19.997460665627855,
  "trainable_params": 1940353,
  "lock_epoch": 91,
  "best_val_loss": 0.5594169300731788,
  "best_val_acc": 0.7183138706921105,
  "best_val_f1": 0.7265689798175282,
  "best_val_auroc": 0.0,
  "best_val_precision": 0.7038028923406534,
  "best_val_recall": 0.7508571428571429,
  "best_train_acc": 0.735033868310246,
  "final_val_loss": 0.6312582185680253,
  "final_val_acc": 0.708914839077186,
  "final_val_f1": 0.7495098039215685,
  "final_val_auroc": 0.0,
  "final_val_precision": 0.6562231759656653,
  "final_val_recall": 0.8737142857142857,
  "final_train_acc": 0.7458351131994874,
  "test_loss": 0.5605543857283364,
  "test_acc": 0.7203872437357631,
  "test_f1": 0.7253914988814318,
  "test_auroc": 0.0,
  "test_precision": 0.7106849315068493,
  "test_recall": 0.7407195888063963,
  "test_cat_acc": 0.7001703577512777,
  "test_dog_acc": 0.7407195888063963,
  "gap_train_val_acc_best": 0.016719997618135474,
  "gap_train_val_acc_final": 0.036920274122301366,
  "forward_ms_batch1": 1.0209833970293403,
  "cuda_peak_mem_mb": 427.789824
}