{
  "arch": "vit",
  "activation": "prelu",
  "seed": 23,
  "epochs_ran": 43,
  "best_epoch": 33,
  "early_stop_patience_used": 10,
  "duration_sec": 987.9493601322174,
  "mean_epoch_sec": 22.97502607075216,
  "trainable_params": 1940353,
  "lock_epoch": 91,
  "best_val_loss": 0.5746588435005986,
  "best_val_acc": 0.7012247223013387,
  "best_val_f1": 0.6884466884466884,
  "best_val_auroc": 0.0,
  "best_val_precision": 0.7167594310451453,
  "best_val_recall": 0.6622857142857143,
  "best_train_acc": 0.6903643131750778,
  "final_val_loss": 0.5980980618918122,
  "final_val_acc": 0.6861293078894902,
  "final_val_f1": 0.7260069617105919,
  "final_val_auroc": 0.0,
  "final_val_precision": 0.6426056338028169,
  "final_val_recall": 0.8342857142857143,
  "final_train_acc": 0.7054372368340758,
  "test_loss": 0.5754448017932831,
  "test_acc": 0.6941913439635535,
  "test_f1": 0.6797853309481215,
  "test_auroc": 0.0,
  "test_precision": 0.7111665626949469,
  "test_recall": 0.6510565391205025,
  "test_cat_acc": 0.7370812038614424,
  "test_dog_acc": 0.6510565391205025,
  "gap_train_val_acc_best": -0.01086040912626085,
  "gap_train_val_acc_final": 0.01930792894458555,
  "forward_ms_batch1": 3.057318110950291,
  "cuda_peak_mem_mb": 427.789824
}