{
  "arch": "vit",
  "activation": "gelu",
  "seed": 59,
  "epochs_ran": 62,
  "best_epoch": 52,
  "early_stop_patience_used": 10,
  "duration_sec": 1160.8834493160248,
  "mean_epoch_sec": 18.72337956506113,
  "trainable_params": 1940353,
  "lock_epoch": 52,
  "best_val_loss": 0.5467937147641108,
  "best_val_acc": 0.7345485616633438,
  "best_val_f1": 0.7249114521841794,
  "best_val_auroc": 0.0,
  "best_val_precision": 0.7496947496947497,
  "best_val_recall": 0.7017142857142857,
  "best_train_acc": 0.7415634344297309,
  "final_val_loss": 0.5626483850756183,
  "final_val_acc": 0.7308459128453432,
  "final_val_f1": 0.759725400457666,
  "final_val_auroc": 0.0,
  "final_val_precision": 0.6843792945487861,
  "final_val_recall": 0.8537142857142858,
  "final_train_acc": 0.7558430463172027,
  "test_loss": 0.5417762177408691,
  "test_acc": 0.7300683371298405,
  "test_f1": 0.717183770883055,
  "test_auroc": 0.0,
  "test_precision": 0.7507807620237351,
  "test_recall": 0.6864648772130212,
  "test_cat_acc": 0.7734241908006815,
  "test_dog_acc": 0.6864648772130212,
  "gap_train_val_acc_best": 0.007014872766387126,
  "gap_train_val_acc_final": 0.0249971334718595,
  "forward_ms_batch1": 0.8082499960437417,
  "cuda_peak_mem_mb": 427.789824
}