{
  "arch": "vit",
  "activation": "gelu",
  "seed": 127,
  "epochs_ran": 66,
  "best_epoch": 56,
  "early_stop_patience_used": 10,
  "duration_sec": 2181.797833442688,
  "mean_epoch_sec": 33.057036837181926,
  "trainable_params": 1940353,
  "lock_epoch": 56,
  "best_val_loss": 0.5408016839909506,
  "best_val_acc": 0.7285673597265736,
  "best_val_f1": 0.7419442187923098,
  "best_val_auroc": 0.0,
  "best_val_precision": 0.7050952135872363,
  "best_val_recall": 0.7828571428571428,
  "best_train_acc": 0.7430890339903582,
  "final_val_loss": 0.5488128360521077,
  "final_val_acc": 0.7413842210196525,
  "final_val_f1": 0.75164113785558,
  "final_val_auroc": 0.0,
  "final_val_precision": 0.720881427072403,
  "final_val_recall": 0.7851428571428571,
  "final_train_acc": 0.7504729358637945,
  "test_loss": 0.5463701015452861,
  "test_acc": 0.7292141230068337,
  "test_f1": 0.7409425224734405,
  "test_auroc": 0.0,
  "test_precision": 0.7083333333333334,
  "test_recall": 0.7766990291262136,
  "test_cat_acc": 0.6819988642816581,
  "test_dog_acc": 0.7766990291262136,
  "gap_train_val_acc_best": 0.01452167426378459,
  "gap_train_val_acc_final": 0.009088714844141976,
  "forward_ms_batch1": 0.9914170950651169,
  "cuda_peak_mem_mb": 427.789824
}