{
  "arch": "vit",
  "activation": "hybrid_0.25",
  "seed": 127,
  "epochs_ran": 41,
  "best_epoch": 31,
  "early_stop_patience_used": 10,
  "duration_sec": 1213.3829669952393,
  "mean_epoch_sec": 29.594197880982126,
  "trainable_params": 1940353,
  "lock_epoch": 91,
  "best_val_loss": 0.5628879791785087,
  "best_val_acc": 0.7086300199373398,
  "best_val_f1": 0.6883947608894304,
  "best_val_auroc": 0.0,
  "best_val_precision": 0.7371167645140247,
  "best_val_recall": 0.6457142857142857,
  "best_train_acc": 0.7135534264966131,
  "final_val_loss": 0.6384892882113442,
  "final_val_acc": 0.6941042438051838,
  "final_val_f1": 0.7345526445872467,
  "final_val_auroc": 0.0,
  "final_val_precision": 0.6472125435540069,
  "final_val_recall": 0.8491428571428571,
  "final_train_acc": 0.7355830841520717,
  "test_loss": 0.5567478089506371,
  "test_acc": 0.7124145785876993,
  "test_f1": 0.6863354037267081,
  "test_auroc": 0.0,
  "test_precision": 0.7522123893805309,
  "test_recall": 0.6310679611650486,
  "test_cat_acc": 0.7932992617830777,
  "test_dog_acc": 0.6310679611650486,
  "gap_train_val_acc_best": 0.004923406559273369,
  "gap_train_val_acc_final": 0.04147884034688798,
  "forward_ms_batch1": 2.7073183795437217,
  "cuda_peak_mem_mb": 427.789824
}