{
  "arch": "vit",
  "activation": "gelu",
  "seed": 137,
  "epochs_ran": 51,
  "best_epoch": 41,
  "early_stop_patience_used": 10,
  "duration_sec": 1674.8720924854279,
  "mean_epoch_sec": 32.840183643569404,
  "trainable_params": 1940353,
  "lock_epoch": 41,
  "best_val_loss": 0.5451657920354318,
  "best_val_acc": 0.729136998006266,
  "best_val_f1": 0.7173848439821694,
  "best_val_auroc": 0.0,
  "best_val_precision": 0.7473684210526316,
  "best_val_recall": 0.6897142857142857,
  "best_train_acc": 0.727833038384085,
  "final_val_loss": 0.5486226556766953,
  "final_val_acc": 0.7282825405867275,
  "final_val_f1": 0.7215411558669002,
  "final_val_auroc": 0.0,
  "final_val_precision": 0.7374701670644391,
  "final_val_recall": 0.7062857142857143,
  "final_train_acc": 0.740342954781229,
  "test_loss": 0.5462206300678992,
  "test_acc": 0.7183940774487472,
  "test_f1": 0.7018390111546579,
  "test_auroc": 0.0,
  "test_precision": 0.7432950191570882,
  "test_recall": 0.6647629925756711,
  "test_cat_acc": 0.7717206132879046,
  "test_dog_acc": 0.6647629925756711,
  "gap_train_val_acc_best": -0.0013039596221809946,
  "gap_train_val_acc_final": 0.012060414194501545,
  "forward_ms_batch1": 0.6752759916707873,
  "cuda_peak_mem_mb": 427.789824
}