{
  "arch": "vit",
  "activation": "swish",
  "seed": 97,
  "epochs_ran": 33,
  "best_epoch": 23,
  "early_stop_patience_used": 10,
  "duration_sec": 1241.347801208496,
  "mean_epoch_sec": 37.61605718823601,
  "trainable_params": 1940353,
  "lock_epoch": 91,
  "best_val_loss": 0.5945009457457273,
  "best_val_acc": 0.6892623184277984,
  "best_val_f1": 0.6474959612277867,
  "best_val_auroc": 0.0,
  "best_val_precision": 0.7449814126394052,
  "best_val_recall": 0.5725714285714286,
  "best_train_acc": 0.6762067492524562,
  "final_val_loss": 0.5968093223226814,
  "final_val_acc": 0.6963827969239533,
  "final_val_f1": 0.6940298507462686,
  "final_val_auroc": 0.0,
  "final_val_precision": 0.6972318339100346,
  "final_val_recall": 0.6908571428571428,
  "final_train_acc": 0.6982974308903399,
  "test_loss": 0.5935811882410071,
  "test_acc": 0.6734054669703873,
  "test_f1": 0.6313082610093217,
  "test_auroc": 0.0,
  "test_precision": 0.7220588235294118,
  "test_recall": 0.5608223872073101,
  "test_cat_acc": 0.7853492333901193,
  "test_dog_acc": 0.5608223872073101,
  "gap_train_val_acc_best": -0.01305556917534223,
  "gap_train_val_acc_final": 0.0019146339663865808,
  "forward_ms_batch1": 0.6652321200817823,
  "cuda_peak_mem_mb": 427.789824
}