{
  "arch": "vit",
  "activation": "swish",
  "seed": 23,
  "epochs_ran": 45,
  "best_epoch": 35,
  "early_stop_patience_used": 10,
  "duration_sec": 1363.0850477218628,
  "mean_epoch_sec": 30.290175186139013,
  "trainable_params": 1940353,
  "lock_epoch": 91,
  "best_val_loss": 0.5668325503220146,
  "best_val_acc": 0.7109085730561093,
  "best_val_f1": 0.720616570327553,
  "best_val_auroc": 0.0,
  "best_val_precision": 0.6951672862453532,
  "best_val_recall": 0.748,
  "best_train_acc": 0.7066577164825777,
  "final_val_loss": 0.5959412492312994,
  "final_val_acc": 0.7106237539162632,
  "final_val_f1": 0.7251082251082251,
  "final_val_auroc": 0.0,
  "final_val_precision": 0.6885919835560124,
  "final_val_recall": 0.7657142857142857,
  "final_train_acc": 0.7235613596143284,
  "test_loss": 0.563598434447156,
  "test_acc": 0.7067198177676538,
  "test_f1": 0.7138888888888889,
  "test_auroc": 0.0,
  "test_precision": 0.6949702541914549,
  "test_recall": 0.7338663620788121,
  "test_cat_acc": 0.6797274275979557,
  "test_dog_acc": 0.7338663620788121,
  "gap_train_val_acc_best": -0.004250856573531636,
  "gap_train_val_acc_final": 0.012937605698065235,
  "forward_ms_batch1": 0.6604332011193037,
  "cuda_peak_mem_mb": 427.789824
}