{
  "arch": "vit",
  "activation": "gelu",
  "seed": 37,
  "epochs_ran": 46,
  "best_epoch": 36,
  "early_stop_patience_used": 10,
  "duration_sec": 1016.7360141277313,
  "mean_epoch_sec": 22.10242247980331,
  "trainable_params": 1940353,
  "lock_epoch": 91,
  "best_val_loss": 0.5719290380378084,
  "best_val_acc": 0.7072059242381088,
  "best_val_f1": 0.7069555302166476,
  "best_val_auroc": 0.0,
  "best_val_precision": 0.7053469852104665,
  "best_val_recall": 0.7085714285714285,
  "best_train_acc": 0.7045829010801244,
  "final_val_loss": 0.582508462560513,
  "final_val_acc": 0.7063514668185702,
  "final_val_f1": 0.6812982998454404,
  "final_val_auroc": 0.0,
  "final_val_precision": 0.7420875420875421,
  "final_val_recall": 0.6297142857142857,
  "final_train_acc": 0.7231341917373528,
  "test_loss": 0.5741784301053962,
  "test_acc": 0.6913439635535308,
  "test_f1": 0.6847004072134961,
  "test_auroc": 0.0,
  "test_precision": 0.6976882039122703,
  "test_recall": 0.6721873215305539,
  "test_cat_acc": 0.7103918228279387,
  "test_dog_acc": 0.6721873215305539,
  "gap_train_val_acc_best": -0.00262302315798435,
  "gap_train_val_acc_final": 0.016782724918782632,
  "forward_ms_batch1": 0.5995020968839526,
  "cuda_peak_mem_mb": 427.789824
}