{
  "arch": "vit",
  "activation": "tgelu3",
  "seed": 47,
  "epochs_ran": 35,
  "best_epoch": 25,
  "early_stop_patience_used": 10,
  "duration_sec": 674.7055058479309,
  "mean_epoch_sec": 19.27673831745051,
  "trainable_params": 1940353,
  "lock_epoch": 91,
  "best_val_loss": 0.5920536042244405,
  "best_val_acc": 0.678724010253489,
  "best_val_f1": 0.667060212514758,
  "best_val_auroc": 0.0,
  "best_val_precision": 0.6898656898656899,
  "best_val_recall": 0.6457142857142857,
  "best_train_acc": 0.6800512601452371,
  "final_val_loss": 0.5986787097741314,
  "final_val_acc": 0.684420393050413,
  "final_val_f1": 0.6296791443850267,
  "final_val_auroc": 0.0,
  "final_val_precision": 0.7584541062801933,
  "final_val_recall": 0.5382857142857143,
  "final_train_acc": 0.7036675413437481,
  "test_loss": 0.5875832735813289,
  "test_acc": 0.6799544419134397,
  "test_f1": 0.6709601873536299,
  "test_auroc": 0.0,
  "test_precision": 0.6882882882882883,
  "test_recall": 0.6544831524842947,
  "test_cat_acc": 0.7052810902896082,
  "test_dog_acc": 0.6544831524842947,
  "gap_train_val_acc_best": 0.001327249891748039,
  "gap_train_val_acc_final": 0.01924714829333507,
  "forward_ms_batch1": 0.8936617057770491,
  "cuda_peak_mem_mb": 427.789824
}