{
  "arch": "vit",
  "activation": "swish",
  "seed": 127,
  "epochs_ran": 41,
  "best_epoch": 31,
  "early_stop_patience_used": 10,
  "duration_sec": 1330.7887721061707,
  "mean_epoch_sec": 32.45779583733188,
  "trainable_params": 1940353,
  "lock_epoch": 91,
  "best_val_loss": 0.5748594599685517,
  "best_val_acc": 0.7086300199373398,
  "best_val_f1": 0.6968888888888889,
  "best_val_auroc": 0.0,
  "best_val_precision": 0.7236923076923077,
  "best_val_recall": 0.672,
  "best_train_acc": 0.6993958625739916,
  "final_val_loss": 0.6255034503519824,
  "final_val_acc": 0.6949587012247223,
  "final_val_f1": 0.7339130434782608,
  "final_val_auroc": 0.0,
  "final_val_precision": 0.6492307692307693,
  "final_val_recall": 0.844,
  "final_train_acc": 0.7144077622505645,
  "test_loss": 0.5800570640585688,
  "test_acc": 0.7084282460136674,
  "test_f1": 0.6908212560386474,
  "test_auroc": 0.0,
  "test_precision": 0.7328635490070468,
  "test_recall": 0.6533409480296973,
  "test_cat_acc": 0.7632027257240205,
  "test_dog_acc": 0.6533409480296973,
  "gap_train_val_acc_best": -0.009234157363348205,
  "gap_train_val_acc_final": 0.019449061025842207,
  "forward_ms_batch1": 0.6742032011970878,
  "cuda_peak_mem_mb": 427.789824
}