{
  "arch": "vit",
  "activation": "prelu",
  "seed": 47,
  "epochs_ran": 44,
  "best_epoch": 34,
  "early_stop_patience_used": 10,
  "duration_sec": 853.7399396896362,
  "mean_epoch_sec": 19.402702317551963,
  "trainable_params": 1940353,
  "lock_epoch": 91,
  "best_val_loss": 0.5761124671642952,
  "best_val_acc": 0.6935346055254913,
  "best_val_f1": 0.6853801169590642,
  "best_val_auroc": 0.0,
  "best_val_precision": 0.7017964071856287,
  "best_val_recall": 0.6697142857142857,
  "best_train_acc": 0.6847501067919692,
  "final_val_loss": 0.5820015696031489,
  "final_val_acc": 0.7020791797208772,
  "final_val_f1": 0.6696146557169931,
  "final_val_auroc": 0.0,
  "final_val_precision": 0.748587570621469,
  "final_val_recall": 0.6057142857142858,
  "final_train_acc": 0.6979312869957893,
  "test_loss": 0.5763742562578588,
  "test_acc": 0.6939066059225513,
  "test_f1": 0.6842878120411159,
  "test_auroc": 0.0,
  "test_precision": 0.7043530834340992,
  "test_recall": 0.6653340948029697,
  "test_cat_acc": 0.7223168654173765,
  "test_dog_acc": 0.6653340948029697,
  "gap_train_val_acc_best": -0.00878449873352205,
  "gap_train_val_acc_final": -0.004147892725087865,
  "forward_ms_batch1": 0.7878065807744861,
  "cuda_peak_mem_mb": 427.789824
}