{
  "arch": "vit",
  "activation": "hybrid_0.5",
  "seed": 83,
  "epochs_ran": 34,
  "best_epoch": 24,
  "early_stop_patience_used": 10,
  "duration_sec": 1210.9522020816803,
  "mean_epoch_sec": 35.61575555678128,
  "trainable_params": 1940353,
  "lock_epoch": 91,
  "best_val_loss": 0.5784738755691292,
  "best_val_acc": 0.7020791797208772,
  "best_val_f1": 0.6912632821723731,
  "best_val_auroc": 0.0,
  "best_val_precision": 0.7148962148962149,
  "best_val_recall": 0.6691428571428572,
  "best_train_acc": 0.6888997375968756,
  "final_val_loss": 0.6497757495111701,
  "final_val_acc": 0.6952435203645685,
  "final_val_f1": 0.7274579724910851,
  "final_val_auroc": 0.0,
  "final_val_precision": 0.65625,
  "final_val_recall": 0.816,
  "final_train_acc": 0.7097089156038323,
  "test_loss": 0.5717818527938565,
  "test_acc": 0.7007403189066059,
  "test_f1": 0.690061928634621,
  "test_auroc": 0.0,
  "test_precision": 0.7134146341463414,
  "test_recall": 0.6681896059394632,
  "test_cat_acc": 0.7331061896649631,
  "test_dog_acc": 0.6681896059394632,
  "gap_train_val_acc_best": -0.013179442124001572,
  "gap_train_val_acc_final": 0.014465395239263823,
  "forward_ms_batch1": 3.2774718943983316,
  "cuda_peak_mem_mb": 427.789824
}