{
  "arch": "vit",
  "activation": "tgelu3",
  "seed": 71,
  "epochs_ran": 75,
  "best_epoch": 65,
  "early_stop_patience_used": 10,
  "duration_sec": 1481.6685628890991,
  "mean_epoch_sec": 19.755092846099288,
  "trainable_params": 1940353,
  "lock_epoch": 52,
  "best_val_loss": 0.5305271410629709,
  "best_val_acc": 0.745086869837653,
  "best_val_f1": 0.7417027417027416,
  "best_val_auroc": 0.0,
  "best_val_precision": 0.749271137026239,
  "best_val_recall": 0.7342857142857143,
  "best_train_acc": 0.7690242265210228,
  "final_val_loss": 0.5733759233505764,
  "final_val_acc": 0.7408145827399601,
  "final_val_f1": 0.7456679709334825,
  "final_val_auroc": 0.0,
  "final_val_precision": 0.7297592997811816,
  "final_val_recall": 0.7622857142857142,
  "final_train_acc": 0.7756148166229329,
  "test_loss": 0.542062217933985,
  "test_acc": 0.744874715261959,
  "test_f1": 0.7381648158971361,
  "test_auroc": 0.0,
  "test_precision": 0.755834829443447,
  "test_recall": 0.721302113078241,
  "test_cat_acc": 0.768313458262351,
  "test_dog_acc": 0.721302113078241,
  "gap_train_val_acc_best": 0.023937356683369715,
  "gap_train_val_acc_final": 0.03480023388297271,
  "forward_ms_batch1": 4.664843203499913,
  "cuda_peak_mem_mb": 427.789824
}