{
  "arch": "vit",
  "activation": "hybrid_0.25",
  "seed": 97,
  "epochs_ran": 47,
  "best_epoch": 37,
  "early_stop_patience_used": 10,
  "duration_sec": 1639.589673757553,
  "mean_epoch_sec": 34.88441875045921,
  "trainable_params": 1940353,
  "lock_epoch": 91,
  "best_val_loss": 0.5660662340136615,
  "best_val_acc": 0.7120478496154942,
  "best_val_f1": 0.725793327908869,
  "best_val_auroc": 0.0,
  "best_val_precision": 0.6907589055240062,
  "best_val_recall": 0.7645714285714286,
  "best_train_acc": 0.7208763043876243,
  "final_val_loss": 0.6004387376842184,
  "final_val_acc": 0.7240102534890345,
  "final_val_f1": 0.7401448109412712,
  "final_val_auroc": 0.0,
  "final_val_precision": 0.697321879737241,
  "final_val_recall": 0.7885714285714286,
  "final_train_acc": 0.735766156099347,
  "test_loss": 0.5694544743025222,
  "test_acc": 0.7115603644646925,
  "test_f1": 0.7223896958070705,
  "test_auroc": 0.0,
  "test_precision": 0.6944151738672286,
  "test_recall": 0.7527127355796688,
  "test_cat_acc": 0.6706416808631459,
  "test_dog_acc": 0.7527127355796688,
  "gap_train_val_acc_best": 0.008828454772130123,
  "gap_train_val_acc_final": 0.011755902610312563,
  "forward_ms_batch1": 6.5826511941850185,
  "cuda_peak_mem_mb": 427.789824
}