{
  "arch": "vit",
  "activation": "hybrid_0.5",
  "seed": 47,
  "epochs_ran": 34,
  "best_epoch": 24,
  "early_stop_patience_used": 10,
  "duration_sec": 640.5955681800842,
  "mean_epoch_sec": 18.840462483527304,
  "trainable_params": 1940353,
  "lock_epoch": 91,
  "best_val_loss": 0.5965190133081478,
  "best_val_acc": 0.690116775847337,
  "best_val_f1": 0.6959195081050866,
  "best_val_auroc": 0.0,
  "best_val_precision": 0.6810722100656456,
  "best_val_recall": 0.7114285714285714,
  "best_train_acc": 0.6900591932629523,
  "final_val_loss": 0.6177488132203552,
  "final_val_acc": 0.6812873825121049,
  "final_val_f1": 0.7004016064257028,
  "final_val_auroc": 0.0,
  "final_val_precision": 0.6589420654911838,
  "final_val_recall": 0.7474285714285714,
  "final_train_acc": 0.7036675413437481,
  "test_loss": 0.5907682329755709,
  "test_acc": 0.6919134396355353,
  "test_f1": 0.6984392419175027,
  "test_auroc": 0.0,
  "test_precision": 0.6820903647250952,
  "test_recall": 0.7155910908052542,
  "test_cat_acc": 0.6683702441794435,
  "test_dog_acc": 0.7155910908052542,
  "gap_train_val_acc_best": -5.758258438470776e-05,
  "gap_train_val_acc_final": 0.022380158831643238,
  "forward_ms_batch1": 1.0403373977169394,
  "cuda_peak_mem_mb": 427.789824
}