{
  "arch": "vit",
  "activation": "mish",
  "seed": 23,
  "epochs_ran": 45,
  "best_epoch": 35,
  "early_stop_patience_used": 10,
  "duration_sec": 1010.2429285049438,
  "mean_epoch_sec": 22.449295226158576,
  "trainable_params": 1940353,
  "lock_epoch": 91,
  "best_val_loss": 0.5781149222143896,
  "best_val_acc": 0.6929649672457989,
  "best_val_f1": 0.6959954878736605,
  "best_val_auroc": 0.0,
  "best_val_precision": 0.6870824053452116,
  "best_val_recall": 0.7051428571428572,
  "best_train_acc": 0.691157624946604,
  "final_val_loss": 0.6041583238894768,
  "final_val_acc": 0.7017943605810311,
  "final_val_f1": 0.6579549166938908,
  "final_val_auroc": 0.0,
  "final_val_precision": 0.7681159420289855,
  "final_val_recall": 0.5754285714285714,
  "final_train_acc": 0.706840788429853,
  "test_loss": 0.5733055661099375,
  "test_acc": 0.696753986332574,
  "test_f1": 0.6970128022759602,
  "test_auroc": 0.0,
  "test_precision": 0.6944444444444444,
  "test_recall": 0.6996002284408909,
  "test_cat_acc": 0.693923906871096,
  "test_dog_acc": 0.6996002284408909,
  "gap_train_val_acc_best": -0.0018073422991948807,
  "gap_train_val_acc_final": 0.005046427848821922,
  "forward_ms_batch1": 0.5859284894540906,
  "cuda_peak_mem_mb": 427.789824
}