{
  "arch": "vit",
  "activation": "hybrid_0.25",
  "seed": 11,
  "epochs_ran": 59,
  "best_epoch": 49,
  "early_stop_patience_used": 10,
  "duration_sec": 1537.3648927211761,
  "mean_epoch_sec": 26.056487806993772,
  "trainable_params": 1940353,
  "lock_epoch": 91,
  "best_val_loss": 0.5492935832308691,
  "best_val_acc": 0.731985189404728,
  "best_val_f1": 0.7205227205227206,
  "best_val_auroc": 0.0,
  "best_val_precision": 0.7501546072974644,
  "best_val_recall": 0.6931428571428572,
  "best_train_acc": 0.7408311466406298,
  "final_val_loss": 0.6446914973463709,
  "final_val_acc": 0.7077755625178012,
  "final_val_f1": 0.7459138187221397,
  "final_val_auroc": 0.0,
  "final_val_precision": 0.6582167832167832,
  "final_val_recall": 0.8605714285714285,
  "final_train_acc": 0.7538902788795997,
  "test_loss": 0.5571749339342661,
  "test_acc": 0.7257972665148064,
  "test_f1": 0.7098523651702321,
  "test_auroc": 0.0,
  "test_precision": 0.7512755102040817,
  "test_recall": 0.6727584237578527,
  "test_cat_acc": 0.778534923339012,
  "test_dog_acc": 0.6727584237578527,
  "gap_train_val_acc_best": 0.008845957235901758,
  "gap_train_val_acc_final": 0.046114716361798536,
  "forward_ms_batch1": 1.0359806008636951,
  "cuda_peak_mem_mb": 427.789824
}