{
  "arch": "custom",
  "activation": "swish",
  "seed": 37,
  "epochs_ran": 31,
  "best_epoch": 21,
  "early_stop_patience_used": 10,
  "duration_sec": 1052.27823138237,
  "mean_epoch_sec": 33.94316134183487,
  "trainable_params": 1029089,
  "lock_epoch": 6,
  "best_val_loss": 0.2913318345372543,
  "best_val_acc": 0.8769581315864426,
  "best_val_f1": 0.8727915194346291,
  "best_val_auroc": 0.0,
  "best_val_precision": 0.9003645200486027,
  "best_val_recall": 0.8468571428571429,
  "best_train_acc": 0.8888753280039056,
  "final_val_loss": 0.3201116237994172,
  "final_val_acc": 0.8752492167473654,
  "final_val_f1": 0.8676737160120847,
  "final_val_auroc": 0.0,
  "final_val_precision": 0.9205128205128205,
  "final_val_recall": 0.8205714285714286,
  "final_train_acc": 0.9333618111917984,
  "test_loss": 0.29736179877115004,
  "test_acc": 0.8778473804100227,
  "test_f1": 0.8717488789237668,
  "test_auroc": 0.0,
  "test_precision": 0.9146800501882058,
  "test_recall": 0.8326670474014849,
  "test_cat_acc": 0.922771152754117,
  "test_dog_acc": 0.8326670474014849,
  "gap_train_val_acc_best": 0.011917196417462916,
  "gap_train_val_acc_final": 0.05811259444443295,
  "forward_ms_batch1": 1.2463422026485205,
  "cuda_peak_mem_mb": 3248.991744
}