{
  "arch": "custom",
  "activation": "mish",
  "seed": 23,
  "epochs_ran": 31,
  "best_epoch": 21,
  "early_stop_patience_used": 10,
  "duration_sec": 1073.0968494415283,
  "mean_epoch_sec": 34.61394351111695,
  "trainable_params": 1029089,
  "lock_epoch": 5,
  "best_val_loss": 0.2607746970590721,
  "best_val_acc": 0.8852178866419823,
  "best_val_f1": 0.8854788292128446,
  "best_val_auroc": 0.0,
  "best_val_precision": 0.8807235726399095,
  "best_val_recall": 0.8902857142857142,
  "best_train_acc": 0.906267162995057,
  "final_val_loss": 0.2886561152857615,
  "final_val_acc": 0.8966106522358303,
  "final_val_f1": 0.8947521020585676,
  "final_val_auroc": 0.0,
  "final_val_precision": 0.9081812831077104,
  "final_val_recall": 0.8817142857142857,
  "final_train_acc": 0.9430646243973881,
  "test_loss": 0.26583604144615575,
  "test_acc": 0.8878132118451025,
  "test_f1": 0.8855981416957026,
  "test_auroc": 0.0,
  "test_precision": 0.9007678676904902,
  "test_recall": 0.8709308966304968,
  "test_cat_acc": 0.9045996592844975,
  "test_dog_acc": 0.8709308966304968,
  "gap_train_val_acc_best": 0.021049276353074742,
  "gap_train_val_acc_final": 0.04645397216155789,
  "forward_ms_batch1": 1.0310219135135412,
  "cuda_peak_mem_mb": 3248.991744
}