{
  "arch": "custom",
  "activation": "gelu",
  "seed": 23,
  "epochs_ran": 40,
  "best_epoch": 30,
  "early_stop_patience_used": 10,
  "duration_sec": 1529.6694231033325,
  "mean_epoch_sec": 38.23981522875256,
  "trainable_params": 1029089,
  "lock_epoch": 6,
  "best_val_loss": 0.270047770907009,
  "best_val_acc": 0.8909142694389063,
  "best_val_f1": 0.8924459421510811,
  "best_val_auroc": 0.0,
  "best_val_precision": 0.8774157923799006,
  "best_val_recall": 0.908,
  "best_train_acc": 0.9336669311039238,
  "final_val_loss": 0.31574955094543083,
  "final_val_acc": 0.8946169182569068,
  "final_val_f1": 0.8904677323860273,
  "final_val_auroc": 0.0,
  "final_val_precision": 0.9238329238329238,
  "final_val_recall": 0.8594285714285714,
  "final_train_acc": 0.9565509245133338,
  "test_loss": 0.2972594973777584,
  "test_acc": 0.8866742596810934,
  "test_f1": 0.885894495412844,
  "test_auroc": 0.0,
  "test_precision": 0.8894645941278065,
  "test_recall": 0.8823529411764706,
  "test_cat_acc": 0.8909710391822828,
  "test_dog_acc": 0.8823529411764706,
  "gap_train_val_acc_best": 0.042752661665017566,
  "gap_train_val_acc_final": 0.06193400625642698,
  "forward_ms_batch1": 1.2730056885629892,
  "cuda_peak_mem_mb": 3248.991744
}