{
  "arch": "custom",
  "activation": "swish",
  "seed": 47,
  "epochs_ran": 37,
  "best_epoch": 27,
  "early_stop_patience_used": 10,
  "duration_sec": 1195.0842456817627,
  "mean_epoch_sec": 32.29800765106228,
  "trainable_params": 1029089,
  "lock_epoch": 4,
  "best_val_loss": 0.2659603232792116,
  "best_val_acc": 0.8957561948162917,
  "best_val_f1": 0.8954285714285715,
  "best_val_auroc": 0.0,
  "best_val_precision": 0.8954285714285715,
  "best_val_recall": 0.8954285714285715,
  "best_train_acc": 0.9182278635503753,
  "final_val_loss": 0.31383208445387667,
  "final_val_acc": 0.8946169182569068,
  "final_val_f1": 0.891559202813599,
  "final_val_auroc": 0.0,
  "final_val_precision": 0.9151624548736462,
  "final_val_recall": 0.8691428571428571,
  "final_train_acc": 0.9541709891987551,
  "test_loss": 0.2726580415744173,
  "test_acc": 0.8920842824601367,
  "test_f1": 0.8897935446350682,
  "test_auroc": 0.0,
  "test_precision": 0.9063981042654028,
  "test_recall": 0.8737864077669902,
  "test_cat_acc": 0.9102782509937536,
  "test_dog_acc": 0.8737864077669902,
  "gap_train_val_acc_best": 0.022471668734083683,
  "gap_train_val_acc_final": 0.05955407094184828,
  "forward_ms_batch1": 1.1895036092028022,
  "cuda_peak_mem_mb": 3248.991744
}