{
  "arch": "custom",
  "activation": "mish",
  "seed": 11,
  "epochs_ran": 38,
  "best_epoch": 28,
  "early_stop_patience_used": 10,
  "duration_sec": 1505.3483424186707,
  "mean_epoch_sec": 39.612371789328265,
  "trainable_params": 1029089,
  "lock_epoch": 4,
  "best_val_loss": 0.2697236961816424,
  "best_val_acc": 0.8943320991170607,
  "best_val_f1": 0.8958157820836844,
  "best_val_auroc": 0.0,
  "best_val_precision": 0.8807288790723358,
  "best_val_recall": 0.9114285714285715,
  "best_train_acc": 0.9342161469457497,
  "final_val_loss": 0.2905609447151482,
  "final_val_acc": 0.8966106522358303,
  "final_val_f1": 0.8971379994332673,
  "final_val_auroc": 0.0,
  "final_val_precision": 0.8898257448004497,
  "final_val_recall": 0.9045714285714286,
  "final_train_acc": 0.96393482638677,
  "test_loss": 0.28645876888397886,
  "test_acc": 0.892369020501139,
  "test_f1": 0.891566265060241,
  "test_auroc": 0.0,
  "test_precision": 0.8956772334293948,
  "test_recall": 0.8874928612221588,
  "test_cat_acc": 0.8972174900624645,
  "test_dog_acc": 0.8874928612221588,
  "gap_train_val_acc_best": 0.03988404782868904,
  "gap_train_val_acc_final": 0.06732417415093972,
  "forward_ms_batch1": 1.4946447918191552,
  "cuda_peak_mem_mb": 3248.991744
}