{
  "arch": "custom",
  "activation": "hybrid_0.5",
  "seed": 37,
  "epochs_ran": 33,
  "best_epoch": 23,
  "early_stop_patience_used": 10,
  "duration_sec": 1143.1719875335693,
  "mean_epoch_sec": 34.639428368205145,
  "trainable_params": 1029089,
  "lock_epoch": 5,
  "best_val_loss": 0.2677133192078268,
  "best_val_acc": 0.8880660780404444,
  "best_val_f1": 0.886645514854341,
  "best_val_auroc": 0.0,
  "best_val_precision": 0.895165987186954,
  "best_val_recall": 0.8782857142857143,
  "best_train_acc": 0.9062061390126319,
  "final_val_loss": 0.3570889079801651,
  "final_val_acc": 0.871831387069211,
  "final_val_f1": 0.8625534514355527,
  "final_val_auroc": 0.0,
  "final_val_precision": 0.926509186351706,
  "final_val_recall": 0.8068571428571428,
  "final_train_acc": 0.9450784158174163,
  "test_loss": 0.2839099347319853,
  "test_acc": 0.8772779043280182,
  "test_f1": 0.8724474696655816,
  "test_auroc": 0.0,
  "test_precision": 0.9054054054054054,
  "test_recall": 0.8418046830382638,
  "test_cat_acc": 0.912549687677456,
  "test_dog_acc": 0.8418046830382638,
  "gap_train_val_acc_best": 0.018140060972187566,
  "gap_train_val_acc_final": 0.07324702874820521,
  "forward_ms_batch1": 4.0582959074527025,
  "cuda_peak_mem_mb": 3248.991744
}