{
  "arch": "custom",
  "activation": "gelu",
  "seed": 11,
  "epochs_ran": 41,
  "best_epoch": 31,
  "early_stop_patience_used": 10,
  "duration_sec": 873.9273021221161,
  "mean_epoch_sec": 21.313546033791926,
  "trainable_params": 1029089,
  "lock_epoch": 4,
  "best_val_loss": 0.2951379012548832,
  "best_val_acc": 0.881800056963828,
  "best_val_f1": 0.8791144771337023,
  "best_val_auroc": 0.0,
  "best_val_precision": 0.8966131907308378,
  "best_val_recall": 0.8622857142857143,
  "best_train_acc": 0.9300665161408433,
  "final_val_loss": 0.3269139351209186,
  "final_val_acc": 0.8920535459982911,
  "final_val_f1": 0.8926649674313225,
  "final_val_auroc": 0.0,
  "final_val_precision": 0.8848961257720381,
  "final_val_recall": 0.9005714285714286,
  "final_train_acc": 0.9611277231952157,
  "test_loss": 0.3073786847072745,
  "test_acc": 0.8806947608200456,
  "test_f1": 0.8764376290179888,
  "test_auroc": 0.0,
  "test_precision": 0.9060975609756098,
  "test_recall": 0.8486579097658481,
  "test_cat_acc": 0.912549687677456,
  "test_dog_acc": 0.8486579097658481,
  "gap_train_val_acc_best": 0.04826645917701533,
  "gap_train_val_acc_final": 0.06907417719692455,
  "forward_ms_batch1": 1.1354807997122407,
  "cuda_peak_mem_mb": 1023.912448
}