{
  "arch": "custom",
  "activation": "gelu",
  "seed": 71,
  "epochs_ran": 33,
  "best_epoch": 23,
  "early_stop_patience_used": 10,
  "duration_sec": 653.402232170105,
  "mean_epoch_sec": 19.798086056655105,
  "trainable_params": 1029089,
  "lock_epoch": 5,
  "best_val_loss": 0.3035556606606723,
  "best_val_acc": 0.8661350042722871,
  "best_val_f1": 0.8661731207289294,
  "best_val_auroc": 0.0,
  "best_val_precision": 0.8632236095346197,
  "best_val_recall": 0.8691428571428571,
  "best_train_acc": 0.9032769878562275,
  "final_val_loss": 0.34652481611995267,
  "final_val_acc": 0.8706921105098263,
  "final_val_f1": 0.8729714605484051,
  "final_val_auroc": 0.0,
  "final_val_precision": 0.8552631578947368,
  "final_val_recall": 0.8914285714285715,
  "final_train_acc": 0.9456276316592421,
  "test_loss": 0.31477575774616423,
  "test_acc": 0.8653189066059226,
  "test_f1": 0.8625399593141528,
  "test_auroc": 0.0,
  "test_precision": 0.8781065088757396,
  "test_recall": 0.8475157053112508,
  "test_cat_acc": 0.8830210107893243,
  "test_dog_acc": 0.8475157053112508,
  "gap_train_val_acc_best": 0.037141983583940386,
  "gap_train_val_acc_final": 0.07493552114941582,
  "forward_ms_batch1": 1.0662171989679337,
  "cuda_peak_mem_mb": 3248.991744
}