{
  "arch": "custom",
  "activation": "relu",
  "seed": 11,
  "epochs_ran": 47,
  "best_epoch": 37,
  "early_stop_patience_used": 10,
  "duration_sec": 951.7895076274872,
  "mean_epoch_sec": 20.249165556438147,
  "trainable_params": 1029089,
  "lock_epoch": 6,
  "best_val_loss": 0.299859732262126,
  "best_val_acc": 0.877527769866135,
  "best_val_f1": 0.8764367816091955,
  "best_val_auroc": 0.0,
  "best_val_precision": 0.8815028901734104,
  "best_val_recall": 0.8714285714285714,
  "best_train_acc": 0.9191432232867517,
  "final_val_loss": 0.3406771937561864,
  "final_val_acc": 0.8752492167473654,
  "final_val_f1": 0.8786703601108032,
  "final_val_auroc": 0.0,
  "final_val_precision": 0.8526881720430107,
  "final_val_recall": 0.9062857142857143,
  "final_train_acc": 0.9461768475010679,
  "test_loss": 0.3196388089643252,
  "test_acc": 0.873006833712984,
  "test_f1": 0.8701223063482818,
  "test_auroc": 0.0,
  "test_precision": 0.8877005347593583,
  "test_recall": 0.8532267275842376,
  "test_cat_acc": 0.8926746166950597,
  "test_dog_acc": 0.8532267275842376,
  "gap_train_val_acc_best": 0.04161545342061668,
  "gap_train_val_acc_final": 0.07092763075370245,
  "forward_ms_batch1": 1.7800415866076946,
  "cuda_peak_mem_mb": 748.07552
}