{
  "arch": "custom",
  "activation": "gelu",
  "seed": 37,
  "epochs_ran": 32,
  "best_epoch": 22,
  "early_stop_patience_used": 10,
  "duration_sec": 1066.4919428825378,
  "mean_epoch_sec": 33.326077375910245,
  "trainable_params": 1029089,
  "lock_epoch": 4,
  "best_val_loss": 0.28324182307370466,
  "best_val_acc": 0.8798063229849046,
  "best_val_f1": 0.8773968622893666,
  "best_val_auroc": 0.0,
  "best_val_precision": 0.892434988179669,
  "best_val_recall": 0.8628571428571429,
  "best_train_acc": 0.8829560017086715,
  "final_val_loss": 0.2979106827954966,
  "final_val_acc": 0.8880660780404444,
  "final_val_f1": 0.8881298035866781,
  "final_val_auroc": 0.0,
  "final_val_precision": 0.8848553601815088,
  "final_val_recall": 0.8914285714285715,
  "final_train_acc": 0.9251235735644108,
  "test_loss": 0.3162322341038046,
  "test_acc": 0.8616173120728929,
  "test_f1": 0.8557863501483679,
  "test_auroc": 0.0,
  "test_precision": 0.8906732550957381,
  "test_recall": 0.8235294117647058,
  "test_cat_acc": 0.899488926746167,
  "test_dog_acc": 0.8235294117647058,
  "gap_train_val_acc_best": 0.0031496787237669244,
  "gap_train_val_acc_final": 0.03705749552396642,
  "forward_ms_batch1": 1.106798299588263,
  "cuda_peak_mem_mb": 3248.991744
}