{
  "arch": "custom",
  "activation": "prelu",
  "seed": 11,
  "epochs_ran": 42,
  "best_epoch": 32,
  "early_stop_patience_used": 10,
  "duration_sec": 863.2367293834686,
  "mean_epoch_sec": 20.55089411672227,
  "trainable_params": 1033249,
  "lock_epoch": 6,
  "best_val_loss": 0.2888929956329748,
  "best_val_acc": 0.8763884933067502,
  "best_val_f1": 0.8776775648252536,
  "best_val_auroc": 0.0,
  "best_val_precision": 0.8659621802002224,
  "best_val_recall": 0.8897142857142857,
  "best_train_acc": 0.9153597363763959,
  "final_val_loss": 0.3236075675120825,
  "final_val_acc": 0.8778125890059812,
  "final_val_f1": 0.8756161206146709,
  "final_val_auroc": 0.0,
  "final_val_precision": 0.8887580929958799,
  "final_val_recall": 0.8628571428571429,
  "final_train_acc": 0.9414780008543358,
  "test_loss": 0.3135236123903466,
  "test_acc": 0.8712984054669703,
  "test_f1": 0.871663827370812,
  "test_auroc": 0.0,
  "test_precision": 0.8667419536984754,
  "test_recall": 0.8766419189034838,
  "test_cat_acc": 0.8659852356615559,
  "test_dog_acc": 0.8766419189034838,
  "gap_train_val_acc_best": 0.03897124306964572,
  "gap_train_val_acc_final": 0.0636654118483545,
  "forward_ms_batch1": 1.088812598027289,
  "cuda_peak_mem_mb": 3248.991744
}