{
  "arch": "custom",
  "activation": "gelu",
  "seed": 59,
  "epochs_ran": 39,
  "best_epoch": 29,
  "early_stop_patience_used": 10,
  "duration_sec": 793.0102097988129,
  "mean_epoch_sec": 20.33136824869479,
  "trainable_params": 1029089,
  "lock_epoch": 6,
  "best_val_loss": 0.25123400126332673,
  "best_val_acc": 0.8986043862147536,
  "best_val_f1": 0.895170789163722,
  "best_val_auroc": 0.0,
  "best_val_precision": 0.9234507897934386,
  "best_val_recall": 0.8685714285714285,
  "best_train_acc": 0.9333618111917984,
  "final_val_loss": 0.27403635615909994,
  "final_val_acc": 0.9031614924522928,
  "final_val_f1": 0.9026345933562429,
  "final_val_auroc": 0.0,
  "final_val_precision": 0.904707233065442,
  "final_val_recall": 0.9005714285714286,
  "final_train_acc": 0.9524012937084274,
  "test_loss": 0.2851473163295715,
  "test_acc": 0.8843963553530751,
  "test_f1": 0.8779314491882141,
  "test_auroc": 0.0,
  "test_precision": 0.926984126984127,
  "test_recall": 0.8338092518560822,
  "test_cat_acc": 0.9346961953435547,
  "test_dog_acc": 0.8338092518560822,
  "gap_train_val_acc_best": 0.034757424977044815,
  "gap_train_val_acc_final": 0.049239801256134585,
  "forward_ms_batch1": 1.1855425080284476,
  "cuda_peak_mem_mb": 3248.991744
}