{
  "arch": "custom",
  "activation": "tgelu3",
  "seed": 59,
  "epochs_ran": 38,
  "best_epoch": 28,
  "early_stop_patience_used": 10,
  "duration_sec": 879.4327223300934,
  "mean_epoch_sec": 23.141078410958137,
  "trainable_params": 1029089,
  "lock_epoch": 8,
  "best_val_loss": 0.24343690101711948,
  "best_val_acc": 0.9043007690116776,
  "best_val_f1": 0.9053521126760563,
  "best_val_auroc": 0.0,
  "best_val_precision": 0.8927777777777778,
  "best_val_recall": 0.9182857142857143,
  "best_train_acc": 0.9332397632269482,
  "final_val_loss": 0.28620118803997996,
  "final_val_acc": 0.9080034178296782,
  "final_val_f1": 0.9105510938798117,
  "final_val_auroc": 0.0,
  "final_val_precision": 0.8833960236432026,
  "final_val_recall": 0.9394285714285714,
  "final_train_acc": 0.9614938670897663,
  "test_loss": 0.27312530998081175,
  "test_acc": 0.8966400911161732,
  "test_f1": 0.8952380952380953,
  "test_auroc": 0.0,
  "test_precision": 0.9049008168028004,
  "test_recall": 0.8857795545402627,
  "test_cat_acc": 0.9074389551391255,
  "test_dog_acc": 0.8857795545402627,
  "gap_train_val_acc_best": 0.028938994215270686,
  "gap_train_val_acc_final": 0.05349044926008806,
  "forward_ms_batch1": 20.734937209635973,
  "cuda_peak_mem_mb": 3248.991744
}