{
  "arch": "custom",
  "activation": "hybrid_0.5",
  "seed": 47,
  "epochs_ran": 39,
  "best_epoch": 29,
  "early_stop_patience_used": 10,
  "duration_sec": 1273.946277141571,
  "mean_epoch_sec": 32.66386762996897,
  "trainable_params": 1029089,
  "lock_epoch": 4,
  "best_val_loss": 0.23972587090073674,
  "best_val_acc": 0.9017373967530619,
  "best_val_f1": 0.9003753970545769,
  "best_val_auroc": 0.0,
  "best_val_precision": 0.9100992410974897,
  "best_val_recall": 0.8908571428571429,
  "best_train_acc": 0.935680722523952,
  "final_val_loss": 0.25988177863901685,
  "final_val_acc": 0.9085730561093706,
  "final_val_f1": 0.9061677871967261,
  "final_val_auroc": 0.0,
  "final_val_precision": 0.9275882704967086,
  "final_val_recall": 0.8857142857142857,
  "final_train_acc": 0.960029291511564,
  "test_loss": 0.26435709719234285,
  "test_acc": 0.8937927107061503,
  "test_f1": 0.8914119359534207,
  "test_auroc": 0.0,
  "test_precision": 0.9091448931116389,
  "test_recall": 0.874357509994289,
  "test_cat_acc": 0.9131175468483816,
  "test_dog_acc": 0.874357509994289,
  "gap_train_val_acc_best": 0.0339433257708901,
  "gap_train_val_acc_final": 0.05145623540219346,
  "forward_ms_batch1": 7.652987516485155,
  "cuda_peak_mem_mb": 3248.991744
}