{
  "arch": "custom",
  "activation": "hybrid_0.25",
  "seed": 47,
  "epochs_ran": 42,
  "best_epoch": 32,
  "early_stop_patience_used": 10,
  "duration_sec": 1542.291491508484,
  "mean_epoch_sec": 36.71986415035956,
  "trainable_params": 1029089,
  "lock_epoch": 6,
  "best_val_loss": 0.24006405805495687,
  "best_val_acc": 0.9057248647109086,
  "best_val_f1": 0.9042522418281748,
  "best_val_auroc": 0.0,
  "best_val_precision": 0.9156414762741653,
  "best_val_recall": 0.8931428571428571,
  "best_train_acc": 0.9269542930371636,
  "final_val_loss": 0.26187185095572735,
  "final_val_acc": 0.906294502990601,
  "final_val_f1": 0.9027490393142181,
  "final_val_auroc": 0.0,
  "final_val_precision": 0.9350887936313533,
  "final_val_recall": 0.8725714285714286,
  "final_train_acc": 0.9509977421126503,
  "test_loss": 0.2538199186460847,
  "test_acc": 0.9014806378132119,
  "test_f1": 0.8976936723832053,
  "test_auroc": 0.0,
  "test_precision": 0.9307173513182097,
  "test_recall": 0.8669331810394061,
  "test_cat_acc": 0.935831913685406,
  "test_dog_acc": 0.8669331810394061,
  "gap_train_val_acc_best": 0.021229428326254962,
  "gap_train_val_acc_final": 0.04470323912204932,
  "forward_ms_batch1": 5.598610593006015,
  "cuda_peak_mem_mb": 3248.991744
}