{
  "arch": "custom",
  "activation": "mish",
  "seed": 59,
  "epochs_ran": 30,
  "best_epoch": 20,
  "early_stop_patience_used": 10,
  "duration_sec": 635.1840007305145,
  "mean_epoch_sec": 21.171020537343185,
  "trainable_params": 1029089,
  "lock_epoch": 5,
  "best_val_loss": 0.26511341399597804,
  "best_val_acc": 0.8863571632013671,
  "best_val_f1": 0.885179856115108,
  "best_val_auroc": 0.0,
  "best_val_precision": 0.8915942028985507,
  "best_val_recall": 0.8788571428571429,
  "best_train_acc": 0.9092573381338867,
  "final_val_loss": 0.28262042965314493,
  "final_val_acc": 0.8957561948162917,
  "final_val_f1": 0.8974215246636771,
  "final_val_auroc": 0.0,
  "final_val_precision": 0.8806380638063807,
  "final_val_recall": 0.9148571428571428,
  "final_train_acc": 0.9497162384817233,
  "test_loss": 0.27983720620971064,
  "test_acc": 0.8866742596810934,
  "test_f1": 0.8836937463471656,
  "test_auroc": 0.0,
  "test_precision": 0.9048473967684022,
  "test_recall": 0.863506567675614,
  "test_cat_acc": 0.909710391822828,
  "test_dog_acc": 0.863506567675614,
  "gap_train_val_acc_best": 0.0229001749325195,
  "gap_train_val_acc_final": 0.05396004366543161,
  "forward_ms_batch1": 1.0265969904139638,
  "cuda_peak_mem_mb": 3248.991744
}