{
  "arch": "custom",
  "activation": "hybrid_0.25",
  "seed": 37,
  "epochs_ran": 44,
  "best_epoch": 34,
  "early_stop_patience_used": 10,
  "duration_sec": 1574.8849172592163,
  "mean_epoch_sec": 35.7913853694653,
  "trainable_params": 1029089,
  "lock_epoch": 13,
  "best_val_loss": 0.22975753204023286,
  "best_val_acc": 0.9051552264312162,
  "best_val_f1": 0.9023746701846965,
  "best_val_auroc": 0.0,
  "best_val_precision": 0.9265502709211318,
  "best_val_recall": 0.8794285714285714,
  "best_train_acc": 0.9223774943552816,
  "final_val_loss": 0.29042208818620646,
  "final_val_acc": 0.8923383651381372,
  "final_val_f1": 0.8978378378378378,
  "final_val_auroc": 0.0,
  "final_val_precision": 0.8517948717948718,
  "final_val_recall": 0.9491428571428572,
  "final_train_acc": 0.9502654543235491,
  "test_loss": 0.27016952301212216,
  "test_acc": 0.8898063781321185,
  "test_f1": 0.885672082717873,
  "test_auroc": 0.0,
  "test_precision": 0.9173806609547124,
  "test_recall": 0.856082238720731,
  "test_cat_acc": 0.9233390119250426,
  "test_dog_acc": 0.856082238720731,
  "gap_train_val_acc_best": 0.01722226792406545,
  "gap_train_val_acc_final": 0.057927089185411895,
  "forward_ms_batch1": 4.463444999419153,
  "cuda_peak_mem_mb": 3248.991744
}