{
  "arch": "custom",
  "activation": "mish",
  "seed": 37,
  "epochs_ran": 35,
  "best_epoch": 25,
  "early_stop_patience_used": 10,
  "duration_sec": 1228.671775817871,
  "mean_epoch_sec": 35.10265285614213,
  "trainable_params": 1029089,
  "lock_epoch": 5,
  "best_val_loss": 0.2523278300428927,
  "best_val_acc": 0.8943320991170607,
  "best_val_f1": 0.8943320991170606,
  "best_val_auroc": 0.0,
  "best_val_precision": 0.8915388983532084,
  "best_val_recall": 0.8971428571428571,
  "best_train_acc": 0.92463538170501,
  "final_val_loss": 0.29454397049614994,
  "final_val_acc": 0.8957561948162917,
  "final_val_f1": 0.8954285714285715,
  "final_val_auroc": 0.0,
  "final_val_precision": 0.8954285714285715,
  "final_val_recall": 0.8954285714285715,
  "final_train_acc": 0.9511808140599256,
  "test_loss": 0.27742534516069506,
  "test_acc": 0.8875284738041003,
  "test_f1": 0.8859370488016172,
  "test_auroc": 0.0,
  "test_precision": 0.8960280373831776,
  "test_recall": 0.876070816676185,
  "test_cat_acc": 0.8989210675752414,
  "test_dog_acc": 0.876070816676185,
  "gap_train_val_acc_best": 0.030303282587949343,
  "gap_train_val_acc_final": 0.055424619243633955,
  "forward_ms_batch1": 1.3698745984584093,
  "cuda_peak_mem_mb": 3248.991744
}