{
  "arch": "custom",
  "activation": "hybrid_0.5",
  "seed": 23,
  "epochs_ran": 37,
  "best_epoch": 27,
  "early_stop_patience_used": 10,
  "duration_sec": 1342.0575785636902,
  "mean_epoch_sec": 36.26977259288794,
  "trainable_params": 1029089,
  "lock_epoch": 5,
  "best_val_loss": 0.25308797227728574,
  "best_val_acc": 0.8929080034178297,
  "best_val_f1": 0.8915801614763552,
  "best_val_auroc": 0.0,
  "best_val_precision": 0.89988358556461,
  "best_val_recall": 0.8834285714285715,
  "best_train_acc": 0.9295783242814426,
  "final_val_loss": 0.3127917356723328,
  "final_val_acc": 0.8934776416975221,
  "final_val_f1": 0.8928366762177652,
  "final_val_auroc": 0.0,
  "final_val_precision": 0.8954022988505748,
  "final_val_recall": 0.8902857142857142,
  "final_train_acc": 0.9589918838103375,
  "test_loss": 0.26644021265870615,
  "test_acc": 0.8946469248291572,
  "test_f1": 0.8918760958503799,
  "test_auroc": 0.0,
  "test_precision": 0.9132256134051466,
  "test_recall": 0.8715019988577956,
  "test_cat_acc": 0.9176604202157865,
  "test_dog_acc": 0.8715019988577956,
  "gap_train_val_acc_best": 0.03667032086361288,
  "gap_train_val_acc_final": 0.06551424211281542,
  "forward_ms_batch1": 4.508757404983044,
  "cuda_peak_mem_mb": 3248.991744
}