{
  "arch": "custom",
  "activation": "prelu",
  "seed": 47,
  "epochs_ran": 40,
  "best_epoch": 30,
  "early_stop_patience_used": 10,
  "duration_sec": 1213.5992171764374,
  "mean_epoch_sec": 30.337463517545256,
  "trainable_params": 1033249,
  "lock_epoch": 6,
  "best_val_loss": 0.2664889811332054,
  "best_val_acc": 0.8911990885787525,
  "best_val_f1": 0.8882387361029841,
  "best_val_auroc": 0.0,
  "best_val_precision": 0.9100719424460432,
  "best_val_recall": 0.8674285714285714,
  "best_train_acc": 0.9180447916031,
  "final_val_loss": 0.2990103357030401,
  "final_val_acc": 0.8874964397607519,
  "final_val_f1": 0.8819133034379671,
  "final_val_auroc": 0.0,
  "final_val_precision": 0.9247648902821317,
  "final_val_recall": 0.8428571428571429,
  "final_train_acc": 0.9424543845731372,
  "test_loss": 0.29801711511367546,
  "test_acc": 0.880125284738041,
  "test_f1": 0.8745904081024725,
  "test_auroc": 0.0,
  "test_precision": 0.9140722291407223,
  "test_recall": 0.8383780696744717,
  "test_cat_acc": 0.9216354344122658,
  "test_dog_acc": 0.8383780696744717,
  "gap_train_val_acc_best": 0.026845703024347523,
  "gap_train_val_acc_final": 0.05495794481238536,
  "forward_ms_batch1": 1.5079278964549303,
  "cuda_peak_mem_mb": 3248.991744
}