{
  "arch": "custom",
  "activation": "swish",
  "seed": 71,
  "epochs_ran": 36,
  "best_epoch": 26,
  "early_stop_patience_used": 10,
  "duration_sec": 742.5416369438171,
  "mean_epoch_sec": 20.624083051736104,
  "trainable_params": 1029089,
  "lock_epoch": 5,
  "best_val_loss": 0.2782506130697278,
  "best_val_acc": 0.8820848761036741,
  "best_val_f1": 0.88110281447444,
  "best_val_auroc": 0.0,
  "best_val_precision": 0.8856812933025404,
  "best_val_recall": 0.8765714285714286,
  "best_train_acc": 0.9221333984255813,
  "final_val_loss": 0.39486388955079604,
  "final_val_acc": 0.8709769296496724,
  "final_val_f1": 0.8614255123891097,
  "final_val_auroc": 0.0,
  "final_val_precision": 0.9269256089532587,
  "final_val_recall": 0.8045714285714286,
  "final_train_acc": 0.9500823823762738,
  "test_loss": 0.2927885403801477,
  "test_acc": 0.8883826879271071,
  "test_f1": 0.8861788617886179,
  "test_auroc": 0.0,
  "test_precision": 0.9013585351447135,
  "test_recall": 0.8715019988577956,
  "test_cat_acc": 0.9051675184554231,
  "test_dog_acc": 0.8715019988577956,
  "gap_train_val_acc_best": 0.04004852232190714,
  "gap_train_val_acc_final": 0.07910545272660141,
  "forward_ms_batch1": 1.110240607522428,
  "cuda_peak_mem_mb": 3248.991744
}