{
  "arch": "custom",
  "activation": "tgelu3",
  "seed": 23,
  "epochs_ran": 37,
  "best_epoch": 27,
  "early_stop_patience_used": 10,
  "duration_sec": 1352.142404794693,
  "mean_epoch_sec": 36.54241133771988,
  "trainable_params": 1029089,
  "lock_epoch": 5,
  "best_val_loss": 0.26596652170814566,
  "best_val_acc": 0.8937624608373683,
  "best_val_f1": 0.8932150014314343,
  "best_val_auroc": 0.0,
  "best_val_precision": 0.8950086058519794,
  "best_val_recall": 0.8914285714285715,
  "best_train_acc": 0.9258558613535119,
  "final_val_loss": 0.2991405534832541,
  "final_val_acc": 0.8960410139561379,
  "final_val_f1": 0.8955650929899857,
  "final_val_auroc": 0.0,
  "final_val_precision": 0.8968481375358166,
  "final_val_recall": 0.8942857142857142,
  "final_train_acc": 0.9577103801794105,
  "test_loss": 0.3018200071634627,
  "test_acc": 0.8869589977220956,
  "test_f1": 0.8842902943748179,
  "test_auroc": 0.0,
  "test_precision": 0.9029761904761905,
  "test_recall": 0.8663620788121074,
  "test_cat_acc": 0.9074389551391255,
  "test_dog_acc": 0.8663620788121074,
  "gap_train_val_acc_best": 0.03209340051614362,
  "gap_train_val_acc_final": 0.06166936622327257,
  "forward_ms_batch1": 30.236992798745632,
  "cuda_peak_mem_mb": 3248.991744
}