{
  "arch": "custom",
  "activation": "gelu",
  "seed": 47,
  "epochs_ran": 34,
  "best_epoch": 24,
  "early_stop_patience_used": 10,
  "duration_sec": 1051.4038145542145,
  "mean_epoch_sec": 30.921244913034197,
  "trainable_params": 1029089,
  "lock_epoch": 5,
  "best_val_loss": 0.24762869704587953,
  "best_val_acc": 0.8929080034178297,
  "best_val_f1": 0.8901869158878505,
  "best_val_auroc": 0.0,
  "best_val_precision": 0.910394265232975,
  "best_val_recall": 0.8708571428571429,
  "best_train_acc": 0.9126136571672667,
  "final_val_loss": 0.3271818455978188,
  "final_val_acc": 0.8820848761036741,
  "final_val_f1": 0.8742405832320778,
  "final_val_auroc": 0.0,
  "final_val_precision": 0.9332036316472114,
  "final_val_recall": 0.8222857142857143,
  "final_train_acc": 0.944895343870141,
  "test_loss": 0.28564167209393887,
  "test_acc": 0.8787015945330297,
  "test_f1": 0.8726838015540944,
  "test_auroc": 0.0,
  "test_precision": 0.9153605015673981,
  "test_recall": 0.8338092518560822,
  "test_cat_acc": 0.9233390119250426,
  "test_dog_acc": 0.8338092518560822,
  "gap_train_val_acc_best": 0.019705653749437002,
  "gap_train_val_acc_final": 0.06281046776646682,
  "forward_ms_batch1": 1.2557605979964137,
  "cuda_peak_mem_mb": 3248.991744
}