{
  "arch": "custom",
  "activation": "tgelu3",
  "seed": 47,
  "epochs_ran": 45,
  "best_epoch": 35,
  "early_stop_patience_used": 10,
  "duration_sec": 1710.4566462039948,
  "mean_epoch_sec": 38.008382971569276,
  "trainable_params": 1029089,
  "lock_epoch": 5,
  "best_val_loss": 0.24533976209584685,
  "best_val_acc": 0.9000284819139847,
  "best_val_f1": 0.9000853970964988,
  "best_val_auroc": 0.0,
  "best_val_precision": 0.8967668746454907,
  "best_val_recall": 0.9034285714285715,
  "best_train_acc": 0.950814670165375,
  "final_val_loss": 0.326219690419846,
  "final_val_acc": 0.9011677584733694,
  "final_val_f1": 0.8995658465991316,
  "final_val_auroc": 0.0,
  "final_val_precision": 0.9114369501466275,
  "final_val_recall": 0.888,
  "final_train_acc": 0.9652163300176969,
  "test_loss": 0.2870927682328876,
  "test_acc": 0.8957858769931663,
  "test_f1": 0.8941584731058414,
  "test_auroc": 0.0,
  "test_precision": 0.9056824838898653,
  "test_recall": 0.8829240434037693,
  "test_cat_acc": 0.9085746734809768,
  "test_dog_acc": 0.8829240434037693,
  "gap_train_val_acc_best": 0.05078618825139036,
  "gap_train_val_acc_final": 0.06404857154432753,
  "forward_ms_batch1": 28.131684777326882,
  "cuda_peak_mem_mb": 3248.991744
}