{
  "arch": "custom",
  "activation": "prelu",
  "seed": 37,
  "epochs_ran": 46,
  "best_epoch": 36,
  "early_stop_patience_used": 10,
  "duration_sec": 1615.2603032588959,
  "mean_epoch_sec": 35.11194307463871,
  "trainable_params": 1033249,
  "lock_epoch": 6,
  "best_val_loss": 0.25182473665881583,
  "best_val_acc": 0.8994588436342922,
  "best_val_f1": 0.9010372862349312,
  "best_val_auroc": 0.0,
  "best_val_precision": 0.8844248761695102,
  "best_val_recall": 0.9182857142857143,
  "best_train_acc": 0.930493684017819,
  "final_val_loss": 0.2840054226172884,
  "final_val_acc": 0.8954713756764454,
  "final_val_f1": 0.8947519357613996,
  "final_val_auroc": 0.0,
  "final_val_precision": 0.8981001727115717,
  "final_val_recall": 0.8914285714285715,
  "final_train_acc": 0.9531335814975286,
  "test_loss": 0.27100851958732125,
  "test_acc": 0.8926537585421412,
  "test_f1": 0.8926843153999431,
  "test_auroc": 0.0,
  "test_precision": 0.8898978433598184,
  "test_recall": 0.8954882924043404,
  "test_cat_acc": 0.8898353208404316,
  "test_dog_acc": 0.8954882924043404,
  "gap_train_val_acc_best": 0.031034840383526774,
  "gap_train_val_acc_final": 0.05766220582108317,
  "forward_ms_batch1": 1.437413995154202,
  "cuda_peak_mem_mb": 3248.991744
}