{
  "arch": "custom",
  "activation": "relu",
  "seed": 37,
  "epochs_ran": 49,
  "best_epoch": 39,
  "early_stop_patience_used": 10,
  "duration_sec": 1508.2070581912994,
  "mean_epoch_sec": 30.777722444888965,
  "trainable_params": 1029089,
  "lock_epoch": 7,
  "best_val_loss": 0.2500079973674812,
  "best_val_acc": 0.9011677584733694,
  "best_val_f1": 0.9038514824050985,
  "best_val_auroc": 0.0,
  "best_val_precision": 0.8773534158149543,
  "best_val_recall": 0.932,
  "best_train_acc": 0.9321413315432965,
  "final_val_loss": 0.2709022548958994,
  "final_val_acc": 0.9088578752492168,
  "final_val_f1": 0.9091940976163452,
  "final_val_auroc": 0.0,
  "final_val_precision": 0.90304396843292,
  "final_val_recall": 0.9154285714285715,
  "final_train_acc": 0.9506926222005249,
  "test_loss": 0.2599396592595854,
  "test_acc": 0.9017653758542141,
  "test_f1": 0.9018492176386913,
  "test_auroc": 0.0,
  "test_precision": 0.8985260770975056,
  "test_recall": 0.905197030268418,
  "test_cat_acc": 0.8983532084043158,
  "test_dog_acc": 0.905197030268418,
  "gap_train_val_acc_best": 0.030973573069927096,
  "gap_train_val_acc_final": 0.041834746951308066,
  "forward_ms_batch1": 1.2108980910852551,
  "cuda_peak_mem_mb": 3248.991744
}