{
  "arch": "custom",
  "activation": "hybrid_0.25",
  "seed": 23,
  "epochs_ran": 42,
  "best_epoch": 32,
  "early_stop_patience_used": 10,
  "duration_sec": 1613.2650001049042,
  "mean_epoch_sec": 38.409255368330165,
  "trainable_params": 1029089,
  "lock_epoch": 9,
  "best_val_loss": 0.2442748651090968,
  "best_val_acc": 0.90487040729137,
  "best_val_f1": 0.9052750992626206,
  "best_val_auroc": 0.0,
  "best_val_precision": 0.8986486486486487,
  "best_val_recall": 0.912,
  "best_train_acc": 0.9240251418807591,
  "final_val_loss": 0.2753680264701941,
  "final_val_acc": 0.9037311307319852,
  "final_val_f1": 0.9025374855824682,
  "final_val_auroc": 0.0,
  "final_val_precision": 0.9109429569266589,
  "final_val_recall": 0.8942857142857142,
  "final_train_acc": 0.9469091352901691,
  "test_loss": 0.25334180803260936,
  "test_acc": 0.8980637813211845,
  "test_f1": 0.8968299711815562,
  "test_auroc": 0.0,
  "test_precision": 0.9051774287376382,
  "test_recall": 0.8886350656767561,
  "test_cat_acc": 0.9074389551391255,
  "test_dog_acc": 0.8886350656767561,
  "gap_train_val_acc_best": 0.0191547345893891,
  "gap_train_val_acc_final": 0.04317800455818388,
  "forward_ms_batch1": 11.689701117575169,
  "cuda_peak_mem_mb": 3248.991744
}