{
  "arch": "custom",
  "activation": "relu",
  "seed": 59,
  "epochs_ran": 44,
  "best_epoch": 34,
  "early_stop_patience_used": 10,
  "duration_sec": 1239.5322060585022,
  "mean_epoch_sec": 28.168836416634306,
  "trainable_params": 1029089,
  "lock_epoch": 6,
  "best_val_loss": 0.25932576361543874,
  "best_val_acc": 0.8883508971802905,
  "best_val_f1": 0.8903189703413542,
  "best_val_auroc": 0.0,
  "best_val_precision": 0.8722587719298246,
  "best_val_recall": 0.9091428571428571,
  "best_train_acc": 0.9213400866540551,
  "final_val_loss": 0.3006804088808063,
  "final_val_acc": 0.888920535459983,
  "final_val_f1": 0.8917869034406214,
  "final_val_auroc": 0.0,
  "final_val_precision": 0.8667745415318231,
  "final_val_recall": 0.9182857142857143,
  "final_train_acc": 0.9466650393604686,
  "test_loss": 0.2849743875732183,
  "test_acc": 0.8832574031890661,
  "test_f1": 0.882655981682885,
  "test_auroc": 0.0,
  "test_precision": 0.8846815834767642,
  "test_recall": 0.8806396344945745,
  "test_cat_acc": 0.8858603066439523,
  "test_dog_acc": 0.8806396344945745,
  "gap_train_val_acc_best": 0.03298918947376461,
  "gap_train_val_acc_final": 0.05774450390048569,
  "forward_ms_batch1": 1.0687649948522449,
  "cuda_peak_mem_mb": 3248.991744
}