{
  "arch": "custom",
  "activation": "hybrid_0.25",
  "seed": 11,
  "epochs_ran": 44,
  "best_epoch": 34,
  "early_stop_patience_used": 10,
  "duration_sec": 981.3122112751007,
  "mean_epoch_sec": 22.30097061992009,
  "trainable_params": 1029089,
  "lock_epoch": 9,
  "best_val_loss": 0.28045906396850634,
  "best_val_acc": 0.8803759612645969,
  "best_val_f1": 0.8788927335640139,
  "best_val_auroc": 0.0,
  "best_val_precision": 0.8870779976717112,
  "best_val_recall": 0.8708571428571429,
  "best_train_acc": 0.9202416549704033,
  "final_val_loss": 0.3624001229354304,
  "final_val_acc": 0.8712617487895187,
  "final_val_f1": 0.8793379604911905,
  "final_val_auroc": 0.0,
  "final_val_precision": 0.8251503006012024,
  "final_val_recall": 0.9411428571428572,
  "final_train_acc": 0.948861902727772,
  "test_loss": 0.29127905709596863,
  "test_acc": 0.8846810933940774,
  "test_f1": 0.8817518248175183,
  "test_auroc": 0.0,
  "test_precision": 0.9020310633213859,
  "test_recall": 0.8623643632210166,
  "test_cat_acc": 0.9068710959681999,
  "test_dog_acc": 0.8623643632210166,
  "gap_train_val_acc_best": 0.03986569370580639,
  "gap_train_val_acc_final": 0.07760015393825337,
  "forward_ms_batch1": 5.233910493552685,
  "cuda_peak_mem_mb": 3248.991744
}