{
  "arch": "custom",
  "activation": "hybrid_0.25",
  "seed": 71,
  "epochs_ran": 53,
  "best_epoch": 43,
  "early_stop_patience_used": 10,
  "duration_sec": 1224.7061047554016,
  "mean_epoch_sec": 23.105958970237243,
  "trainable_params": 1029089,
  "lock_epoch": 6,
  "best_val_loss": 0.24879890847532066,
  "best_val_acc": 0.9108516092281401,
  "best_val_f1": 0.9095114194854005,
  "best_val_auroc": 0.0,
  "best_val_precision": 0.9204212990052663,
  "best_val_recall": 0.8988571428571429,
  "best_train_acc": 0.9497162384817233,
  "final_val_loss": 0.28690292002705897,
  "final_val_acc": 0.9105667900882939,
  "final_val_f1": 0.9100801832760596,
  "final_val_auroc": 0.0,
  "final_val_precision": 0.9121699196326062,
  "final_val_recall": 0.908,
  "final_train_acc": 0.9625312747909929,
  "test_loss": 0.29991534895397265,
  "test_acc": 0.8957858769931663,
  "test_f1": 0.8926686217008797,
  "test_auroc": 0.0,
  "test_precision": 0.917420132610006,
  "test_recall": 0.8692175899486008,
  "test_cat_acc": 0.9222032935831914,
  "test_dog_acc": 0.8692175899486008,
  "gap_train_val_acc_best": 0.03886462925358314,
  "gap_train_val_acc_final": 0.05196448470269899,
  "forward_ms_batch1": 4.855616111308336,
  "cuda_peak_mem_mb": 3248.991744
}