{
  "arch": "custom",
  "activation": "swish",
  "seed": 11,
  "epochs_ran": 32,
  "best_epoch": 22,
  "early_stop_patience_used": 10,
  "duration_sec": 616.9596939086914,
  "mean_epoch_sec": 19.27764601801755,
  "trainable_params": 1029089,
  "lock_epoch": 5,
  "best_val_loss": 0.28225440777492333,
  "best_val_acc": 0.8823696952435204,
  "best_val_f1": 0.8786364972083455,
  "best_val_auroc": 0.0,
  "best_val_precision": 0.9044162129461585,
  "best_val_recall": 0.8542857142857143,
  "best_train_acc": 0.9112711295539146,
  "final_val_loss": 0.3054662528234274,
  "final_val_acc": 0.8931928225576758,
  "final_val_f1": 0.8912097476066144,
  "final_val_auroc": 0.0,
  "final_val_precision": 0.9051266941661756,
  "final_val_recall": 0.8777142857142857,
  "final_train_acc": 0.94751937511442,
  "test_loss": 0.30149476398164426,
  "test_acc": 0.8758542141230068,
  "test_f1": 0.8702380952380953,
  "test_auroc": 0.0,
  "test_precision": 0.90863890615289,
  "test_recall": 0.8349514563106796,
  "test_cat_acc": 0.9165247018739353,
  "test_dog_acc": 0.8349514563106796,
  "gap_train_val_acc_best": 0.02890143431039427,
  "gap_train_val_acc_final": 0.05432655255674412,
  "forward_ms_batch1": 1.0617288062348962,
  "cuda_peak_mem_mb": 1023.912448
}