{
  "arch": "custom",
  "activation": "hybrid_0.5",
  "seed": 11,
  "epochs_ran": 36,
  "best_epoch": 26,
  "early_stop_patience_used": 10,
  "duration_sec": 966.7427124977112,
  "mean_epoch_sec": 26.852210860932246,
  "trainable_params": 1029089,
  "lock_epoch": 4,
  "best_val_loss": 0.27419596625270753,
  "best_val_acc": 0.8883508971802905,
  "best_val_f1": 0.8876146788990825,
  "best_val_auroc": 0.0,
  "best_val_precision": 0.8906789413118527,
  "best_val_recall": 0.8845714285714286,
  "best_train_acc": 0.9254286934765362,
  "final_val_loss": 0.342147900639895,
  "final_val_acc": 0.883224152663059,
  "final_val_f1": 0.8853467561521253,
  "final_val_auroc": 0.0,
  "final_val_precision": 0.8669222343921139,
  "final_val_recall": 0.9045714285714286,
  "final_train_acc": 0.9570391163727345,
  "test_loss": 0.28943696928662427,
  "test_acc": 0.8835421412300684,
  "test_f1": 0.88209858748919,
  "test_auroc": 0.0,
  "test_precision": 0.8905704307334109,
  "test_recall": 0.8737864077669902,
  "test_cat_acc": 0.8932424758659853,
  "test_dog_acc": 0.8737864077669902,
  "gap_train_val_acc_best": 0.037077796296245746,
  "gap_train_val_acc_final": 0.07381496370967555,
  "forward_ms_batch1": 25.52834590896964,
  "cuda_peak_mem_mb": 3248.991744
}