{
  "arch": "custom",
  "activation": "relu",
  "seed": 23,
  "epochs_ran": 49,
  "best_epoch": 39,
  "early_stop_patience_used": 10,
  "duration_sec": 1658.6048712730408,
  "mean_epoch_sec": 33.847104386939684,
  "trainable_params": 1029089,
  "lock_epoch": 8,
  "best_val_loss": 0.27374134900070124,
  "best_val_acc": 0.8883508971802905,
  "best_val_f1": 0.8871617731721358,
  "best_val_auroc": 0.0,
  "best_val_precision": 0.8938515081206496,
  "best_val_recall": 0.8805714285714286,
  "best_train_acc": 0.9342771709281747,
  "final_val_loss": 0.2908040861379248,
  "final_val_acc": 0.8909142694389063,
  "final_val_f1": 0.8912858359352823,
  "final_val_auroc": 0.0,
  "final_val_precision": 0.8855047941342358,
  "final_val_recall": 0.8971428571428571,
  "final_train_acc": 0.9530115335326783,
  "test_loss": 0.27899645199333073,
  "test_acc": 0.895501138952164,
  "test_f1": 0.8934687953555878,
  "test_auroc": 0.0,
  "test_precision": 0.9085005903187722,
  "test_recall": 0.8789263278126784,
  "test_cat_acc": 0.9119818285065304,
  "test_dog_acc": 0.8789263278126784,
  "gap_train_val_acc_best": 0.04592627374788427,
  "gap_train_val_acc_final": 0.06209726409377203,
  "forward_ms_batch1": 1.1161450995132327,
  "cuda_peak_mem_mb": 3248.991744
}