{
  "arch": "custom",
  "activation": "hybrid_0.5",
  "seed": 59,
  "epochs_ran": 40,
  "best_epoch": 30,
  "early_stop_patience_used": 10,
  "duration_sec": 849.4682424068451,
  "mean_epoch_sec": 21.23544432214694,
  "trainable_params": 1029089,
  "lock_epoch": 8,
  "best_val_loss": 0.27796015073154023,
  "best_val_acc": 0.888920535459983,
  "best_val_f1": 0.8910614525139665,
  "best_val_auroc": 0.0,
  "best_val_precision": 0.8715846994535519,
  "best_val_recall": 0.9114285714285715,
  "best_train_acc": 0.9368401781900286,
  "final_val_loss": 0.32365558703666875,
  "final_val_acc": 0.8897749928795216,
  "final_val_f1": 0.8863436123348016,
  "final_val_auroc": 0.0,
  "final_val_precision": 0.9117824773413897,
  "final_val_recall": 0.8622857142857143,
  "final_train_acc": 0.9628974186855435,
  "test_loss": 0.27635885174290736,
  "test_acc": 0.8952164009111617,
  "test_f1": 0.8954545454545454,
  "test_auroc": 0.0,
  "test_precision": 0.8908988128886377,
  "test_recall": 0.9000571102227298,
  "test_cat_acc": 0.8904031800113572,
  "test_dog_acc": 0.9000571102227298,
  "gap_train_val_acc_best": 0.047919642730045675,
  "gap_train_val_acc_final": 0.0731224258060219,
  "forward_ms_batch1": 4.407092207111418,
  "cuda_peak_mem_mb": 3248.991744
}