{
  "arch": "custom",
  "activation": "relu",
  "seed": 71,
  "epochs_ran": 48,
  "best_epoch": 38,
  "early_stop_patience_used": 10,
  "duration_sec": 962.8901326656342,
  "mean_epoch_sec": 20.058391384984134,
  "trainable_params": 1029089,
  "lock_epoch": 6,
  "best_val_loss": 0.2658739200568002,
  "best_val_acc": 0.8943320991170607,
  "best_val_f1": 0.8940302770636961,
  "best_val_auroc": 0.0,
  "best_val_precision": 0.8937749857224443,
  "best_val_recall": 0.8942857142857142,
  "best_train_acc": 0.9342161469457497,
  "final_val_loss": 0.38236806026655396,
  "final_val_acc": 0.8738251210481345,
  "final_val_f1": 0.8622940627914205,
  "final_val_auroc": 0.0,
  "final_val_precision": 0.94546693933197,
  "final_val_recall": 0.7925714285714286,
  "final_train_acc": 0.9561847806187832,
  "test_loss": 0.28502825937808784,
  "test_acc": 0.8869589977220956,
  "test_f1": 0.883680046879578,
  "test_auroc": 0.0,
  "test_precision": 0.9073405535499398,
  "test_recall": 0.8612221587664192,
  "test_cat_acc": 0.912549687677456,
  "test_dog_acc": 0.8612221587664192,
  "gap_train_val_acc_best": 0.03988404782868904,
  "gap_train_val_acc_final": 0.08235965957064872,
  "forward_ms_batch1": 1.0301094967871904,
  "cuda_peak_mem_mb": 3248.991744
}