{
  "arch": "custom",
  "activation": "hybrid_0.25",
  "seed": 59,
  "epochs_ran": 40,
  "best_epoch": 30,
  "early_stop_patience_used": 10,
  "duration_sec": 948.7724781036377,
  "mean_epoch_sec": 23.717346675053705,
  "trainable_params": 1029089,
  "lock_epoch": 7,
  "best_val_loss": 0.2364354147187192,
  "best_val_acc": 0.9000284819139847,
  "best_val_f1": 0.9017082049845982,
  "best_val_auroc": 0.0,
  "best_val_precision": 0.8841295991213619,
  "best_val_recall": 0.92,
  "best_train_acc": 0.9251845975468359,
  "final_val_loss": 0.2537587980146389,
  "final_val_acc": 0.9105667900882939,
  "final_val_f1": 0.9082943925233645,
  "final_val_auroc": 0.0,
  "final_val_precision": 0.9289127837514934,
  "final_val_recall": 0.8885714285714286,
  "final_train_acc": 0.9486788307804968,
  "test_loss": 0.24088172780897188,
  "test_acc": 0.9023348519362187,
  "test_f1": 0.9030251625671473,
  "test_auroc": 0.0,
  "test_precision": 0.8941769316909295,
  "test_recall": 0.9120502569960023,
  "test_cat_acc": 0.8926746166950597,
  "test_dog_acc": 0.9120502569960023,
  "gap_train_val_acc_best": 0.02515611563285125,
  "gap_train_val_acc_final": 0.038112040692202864,
  "forward_ms_batch1": 8.010566793382168,
  "cuda_peak_mem_mb": 3248.991744
}