{
  "arch": "custom",
  "activation": "relu",
  "seed": 47,
  "epochs_ran": 52,
  "best_epoch": 42,
  "early_stop_patience_used": 10,
  "duration_sec": 1759.084256887436,
  "mean_epoch_sec": 33.8269737954744,
  "trainable_params": 1029089,
  "lock_epoch": 7,
  "best_val_loss": 0.2797216173591386,
  "best_val_acc": 0.8917687268584449,
  "best_val_f1": 0.8917378917378918,
  "best_val_auroc": 0.0,
  "best_val_precision": 0.8892045454545454,
  "best_val_recall": 0.8942857142857142,
  "best_train_acc": 0.935680722523952,
  "final_val_loss": 0.307341485765713,
  "final_val_acc": 0.8931928225576758,
  "final_val_f1": 0.8948696383515561,
  "final_val_auroc": 0.0,
  "final_val_precision": 0.8783709411117226,
  "final_val_recall": 0.912,
  "final_train_acc": 0.9530115335326783,
  "test_loss": 0.3056223539461579,
  "test_acc": 0.8866742596810934,
  "test_f1": 0.8851039260969977,
  "test_auroc": 0.0,
  "test_precision": 0.8949211908931699,
  "test_recall": 0.8754997144488863,
  "test_cat_acc": 0.8977853492333902,
  "test_dog_acc": 0.8754997144488863,
  "gap_train_val_acc_best": 0.043911995665507075,
  "gap_train_val_acc_final": 0.059818710975002465,
  "forward_ms_batch1": 1.0867645032703876,
  "cuda_peak_mem_mb": 3248.991744
}