{
  "arch": "custom",
  "activation": "mish",
  "seed": 47,
  "epochs_ran": 31,
  "best_epoch": 21,
  "early_stop_patience_used": 10,
  "duration_sec": 895.6670711040497,
  "mean_epoch_sec": 28.8902173464547,
  "trainable_params": 1029089,
  "lock_epoch": 4,
  "best_val_loss": 0.25516761368290714,
  "best_val_acc": 0.8883508971802905,
  "best_val_f1": 0.8906250000000001,
  "best_val_auroc": 0.0,
  "best_val_precision": 0.8702290076335878,
  "best_val_recall": 0.912,
  "best_train_acc": 0.9135290169036431,
  "final_val_loss": 0.32217819304997275,
  "final_val_acc": 0.8897749928795216,
  "final_val_f1": 0.8825493171471928,
  "final_val_auroc": 0.0,
  "final_val_precision": 0.9411003236245955,
  "final_val_recall": 0.8308571428571428,
  "final_train_acc": 0.9536217733569293,
  "test_loss": 0.25563779704120004,
  "test_acc": 0.8900911161731208,
  "test_f1": 0.890713476783692,
  "test_auroc": 0.0,
  "test_precision": 0.8832116788321168,
  "test_recall": 0.8983438035408338,
  "test_cat_acc": 0.881885292447473,
  "test_dog_acc": 0.8983438035408338,
  "gap_train_val_acc_best": 0.0251781197233526,
  "gap_train_val_acc_final": 0.06384678047740777,
  "forward_ms_batch1": 1.0775621980428696,
  "cuda_peak_mem_mb": 3248.991744
}