{
  "arch": "custom",
  "activation": "prelu",
  "seed": 59,
  "epochs_ran": 43,
  "best_epoch": 33,
  "early_stop_patience_used": 10,
  "duration_sec": 862.5965349674225,
  "mean_epoch_sec": 20.057875113036527,
  "trainable_params": 1033249,
  "lock_epoch": 5,
  "best_val_loss": 0.25620413402891745,
  "best_val_acc": 0.896325833095984,
  "best_val_f1": 0.8955223880597015,
  "best_val_auroc": 0.0,
  "best_val_precision": 0.8996539792387543,
  "best_val_recall": 0.8914285714285715,
  "best_train_acc": 0.9240861658631843,
  "final_val_loss": 0.29078330909363803,
  "final_val_acc": 0.8900598120193677,
  "final_val_f1": 0.8842231553689263,
  "final_val_auroc": 0.0,
  "final_val_precision": 0.9305555555555556,
  "final_val_recall": 0.8422857142857143,
  "final_train_acc": 0.9463599194483432,
  "test_loss": 0.2848425488537156,
  "test_acc": 0.8883826879271071,
  "test_f1": 0.8855140186915886,
  "test_auroc": 0.0,
  "test_precision": 0.9061566049013747,
  "test_recall": 0.8657909765848086,
  "test_cat_acc": 0.9108461101646792,
  "test_dog_acc": 0.8657909765848086,
  "gap_train_val_acc_best": 0.027760332767200246,
  "gap_train_val_acc_final": 0.05630010742897551,
  "forward_ms_batch1": 1.3065451057627797,
  "cuda_peak_mem_mb": 3248.991744
}