{
  "arch": "custom",
  "activation": "swish",
  "seed": 59,
  "epochs_ran": 38,
  "best_epoch": 28,
  "early_stop_patience_used": 10,
  "duration_sec": 772.9348394870758,
  "mean_epoch_sec": 20.338667699760805,
  "trainable_params": 1029089,
  "lock_epoch": 8,
  "best_val_loss": 0.2477757386339081,
  "best_val_acc": 0.8991740244944461,
  "best_val_f1": 0.8978649740334679,
  "best_val_auroc": 0.0,
  "best_val_precision": 0.9067599067599068,
  "best_val_recall": 0.8891428571428571,
  "best_train_acc": 0.929822420211143,
  "final_val_loss": 0.30478917499852975,
  "final_val_acc": 0.896325833095984,
  "final_val_f1": 0.8997797356828193,
  "final_val_auroc": 0.0,
  "final_val_precision": 0.8682252922422954,
  "final_val_recall": 0.9337142857142857,
  "final_train_acc": 0.959968267529139,
  "test_loss": 0.2664964791718268,
  "test_acc": 0.895501138952164,
  "test_f1": 0.8921539817807816,
  "test_auroc": 0.0,
  "test_precision": 0.9188861985472155,
  "test_recall": 0.8669331810394061,
  "test_cat_acc": 0.9239068710959683,
  "test_dog_acc": 0.8669331810394061,
  "gap_train_val_acc_best": 0.030648395716696974,
  "gap_train_val_acc_final": 0.06364243443315498,
  "forward_ms_batch1": 1.2526291189715266,
  "cuda_peak_mem_mb": 3248.991744
}