{
  "arch": "custom",
  "activation": "swish",
  "seed": 23,
  "epochs_ran": 37,
  "best_epoch": 27,
  "early_stop_patience_used": 10,
  "duration_sec": 1369.6143581867218,
  "mean_epoch_sec": 37.014682761991295,
  "trainable_params": 1029089,
  "lock_epoch": 5,
  "best_val_loss": 0.24367537418005303,
  "best_val_acc": 0.8991740244944461,
  "best_val_f1": 0.8992601024473534,
  "best_val_auroc": 0.0,
  "best_val_precision": 0.8956916099773242,
  "best_val_recall": 0.9028571428571428,
  "best_train_acc": 0.9280527247208152,
  "final_val_loss": 0.28182739519777544,
  "final_val_acc": 0.9091426943890629,
  "final_val_f1": 0.9081485747192629,
  "final_val_auroc": 0.0,
  "final_val_precision": 0.9152640742890308,
  "final_val_recall": 0.9011428571428571,
  "final_train_acc": 0.9607005553182401,
  "test_loss": 0.28042453099763476,
  "test_acc": 0.8915148063781321,
  "test_f1": 0.8894691035683202,
  "test_auroc": 0.0,
  "test_precision": 0.9038915094339622,
  "test_recall": 0.8754997144488863,
  "test_cat_acc": 0.9074389551391255,
  "test_dog_acc": 0.8754997144488863,
  "gap_train_val_acc_best": 0.02887870022636918,
  "gap_train_val_acc_final": 0.051557860929177135,
  "forward_ms_batch1": 1.1818403145298362,
  "cuda_peak_mem_mb": 3248.991744
}