{
  "arch": "custom",
  "activation": "tgelu3",
  "seed": 11,
  "epochs_ran": 38,
  "best_epoch": 28,
  "early_stop_patience_used": 10,
  "duration_sec": 750.1414113044739,
  "mean_epoch_sec": 19.73869984965208,
  "trainable_params": 1029089,
  "lock_epoch": 4,
  "best_val_loss": 0.29060894826374584,
  "best_val_acc": 0.8820848761036741,
  "best_val_f1": 0.8798607080673244,
  "best_val_auroc": 0.0,
  "best_val_precision": 0.8938679245283019,
  "best_val_recall": 0.8662857142857143,
  "best_train_acc": 0.922011350460731,
  "final_val_loss": 0.3271555462960876,
  "final_val_acc": 0.8903446311592139,
  "final_val_f1": 0.8898426323319027,
  "final_val_auroc": 0.0,
  "final_val_precision": 0.8911174785100286,
  "final_val_recall": 0.8885714285714286,
  "final_train_acc": 0.9526453896381278,
  "test_loss": 0.3096361409762454,
  "test_acc": 0.8795558086560364,
  "test_f1": 0.874815034033738,
  "test_auroc": 0.0,
  "test_precision": 0.9078624078624079,
  "test_recall": 0.8440890919474586,
  "test_cat_acc": 0.9148211243611585,
  "test_dog_acc": 0.8440890919474586,
  "gap_train_val_acc_best": 0.039926474357056874,
  "gap_train_val_acc_final": 0.06230075847891392,
  "forward_ms_batch1": 5.9393425937741995,
  "cuda_peak_mem_mb": 2135.158272
}