{
  "arch": "custom",
  "activation": "tgelu3",
  "seed": 37,
  "epochs_ran": 35,
  "best_epoch": 25,
  "early_stop_patience_used": 10,
  "duration_sec": 1140.7062509059906,
  "mean_epoch_sec": 32.589551779228664,
  "trainable_params": 1029089,
  "lock_epoch": 7,
  "best_val_loss": 0.2385549544609024,
  "best_val_acc": 0.8946169182569068,
  "best_val_f1": 0.894346087949743,
  "best_val_auroc": 0.0,
  "best_val_precision": 0.8938356164383562,
  "best_val_recall": 0.8948571428571429,
  "best_train_acc": 0.9175565997436993,
  "final_val_loss": 0.33946476974775225,
  "final_val_acc": 0.877527769866135,
  "final_val_f1": 0.8674475955610359,
  "final_val_auroc": 0.0,
  "final_val_precision": 0.9417670682730924,
  "final_val_recall": 0.804,
  "final_train_acc": 0.9503875022883993,
  "test_loss": 0.25187930247506685,
  "test_acc": 0.8994874715261959,
  "test_f1": 0.8969944557922381,
  "test_auroc": 0.0,
  "test_precision": 0.9170644391408115,
  "test_recall": 0.8777841233580811,
  "test_cat_acc": 0.9210675752413402,
  "test_dog_acc": 0.8777841233580811,
  "gap_train_val_acc_best": 0.022939681486792485,
  "gap_train_val_acc_final": 0.07285973242226429,
  "forward_ms_batch1": 23.38160378858447,
  "cuda_peak_mem_mb": 3248.991744
}