{
  "arch": "custom",
  "activation": "tgelu3",
  "seed": 71,
  "epochs_ran": 33,
  "best_epoch": 23,
  "early_stop_patience_used": 10,
  "duration_sec": 813.418345451355,
  "mean_epoch_sec": 24.647084217433903,
  "trainable_params": 1029089,
  "lock_epoch": 5,
  "best_val_loss": 0.28839161725541324,
  "best_val_acc": 0.8743947593278268,
  "best_val_f1": 0.8740359897172236,
  "best_val_auroc": 0.0,
  "best_val_precision": 0.8737864077669902,
  "best_val_recall": 0.8742857142857143,
  "best_train_acc": 0.9069384268017331,
  "final_val_loss": 0.3061944854264584,
  "final_val_acc": 0.8954713756764454,
  "final_val_f1": 0.8963569613103642,
  "final_val_auroc": 0.0,
  "final_val_precision": 0.8860971524288107,
  "final_val_recall": 0.9068571428571428,
  "final_train_acc": 0.9469091352901691,
  "test_loss": 0.2954793520152976,
  "test_acc": 0.8735763097949886,
  "test_f1": 0.8715277777777777,
  "test_auroc": 0.0,
  "test_precision": 0.8832844574780059,
  "test_recall": 0.8600799543118218,
  "test_cat_acc": 0.8869960249858035,
  "test_dog_acc": 0.8600799543118218,
  "gap_train_val_acc_best": 0.032543667473906246,
  "gap_train_val_acc_final": 0.051437759613723655,
  "forward_ms_batch1": 3.1866030069068074,
  "cuda_peak_mem_mb": 3248.991744
}