{
  "arch": "custom",
  "activation": "prelu",
  "seed": 23,
  "epochs_ran": 37,
  "best_epoch": 27,
  "early_stop_patience_used": 10,
  "duration_sec": 1340.1104934215546,
  "mean_epoch_sec": 36.21687312222816,
  "trainable_params": 1033249,
  "lock_epoch": 8,
  "best_val_loss": 0.31865762536578696,
  "best_val_acc": 0.8661350042722871,
  "best_val_f1": 0.864475201845444,
  "best_val_auroc": 0.0,
  "best_val_precision": 0.8725261932479628,
  "best_val_recall": 0.8565714285714285,
  "best_train_acc": 0.8922926710197108,
  "final_val_loss": 0.3671756182189546,
  "final_val_acc": 0.8621475363144403,
  "final_val_f1": 0.869330453563715,
  "final_val_auroc": 0.0,
  "final_val_precision": 0.8239508700102354,
  "final_val_recall": 0.92,
  "final_train_acc": 0.9299444681759932,
  "test_loss": 0.3484691692376191,
  "test_acc": 0.8522209567198178,
  "test_f1": 0.8473080317740512,
  "test_auroc": 0.0,
  "test_precision": 0.8737864077669902,
  "test_recall": 0.8223872073101085,
  "test_cat_acc": 0.881885292447473,
  "test_dog_acc": 0.8223872073101085,
  "gap_train_val_acc_best": 0.026157666747423702,
  "gap_train_val_acc_final": 0.06779693186155289,
  "forward_ms_batch1": 1.2970459880307317,
  "cuda_peak_mem_mb": 3248.991744
}